BSU21810	1	GATTTCATTCATTTTTGCGA	TGG	BSU	2297088	2297108	rev	sense	0	39
BSU21810	12	TTTTTGCGATGGATGCCAAC	AGG	BSU	2297077	2297097	rev	sense	0	39
BSU21810	20	ATGGATGCCAACAGGCTTAT	CGG	BSU	2297069	2297089	rev	sense	0	39
BSU21810	42	GCAAAGACAATGATTTGCCG	TGG	BSU	2297047	2297067	rev	sense	0	39
BSU21810	85	ATACTTTAAGAAAATAACAT	CGG	BSU	2297004	2297024	rev	sense	0	39
BSU21810	86	TACTTTAAGAAAATAACATC	GGG	BSU	2297003	2297023	rev	sense	0	39
BSU21810	103	ATCGGGCCATTCAATCATTA	TGG	BSU	2296986	2297006	rev	sense	0	39
BSU21810	104	TCGGGCCATTCAATCATTAT	GGG	BSU	2296985	2297005	rev	sense	0	39
BSU21810	108	GCCATTCAATCATTATGGGC	CGG	BSU	2296981	2297001	rev	sense	0	39
BSU21810	128	CGGAAAACATTTGAATCGAT	CGG	BSU	2296961	2296981	rev	sense	0	39
BSU21810	147	TCGGACGTCCGCTTCCAAAT	CGG	BSU	2296942	2296962	rev	sense	0	39
BSU21810	175	TATTGTCGTTACCTCAGCGC	CGG	BSU	2296914	2296934	rev	sense	0	39
BSU21810	190	AGCGCCGGATTCAGAATTTC	AGG	BSU	2296899	2296919	rev	sense	0	39
BSU21810	191	GCGCCGGATTCAGAATTTCA	GGG	BSU	2296898	2296918	rev	sense	0	39
BSU21810	199	TTCAGAATTTCAGGGATGCA	CGG	BSU	2296890	2296910	rev	sense	0	39
BSU21810	217	CACGGTTGTCAGTTCATTAA	AGG	BSU	2296872	2296892	rev	sense	0	39
BSU21810	226	CAGTTCATTAAAGGATGTAC	TGG	BSU	2296863	2296883	rev	sense	0	39
BSU21810	239	GATGTACTGGACATTTGTTC	AGG	BSU	2296850	2296870	rev	sense	0	39
BSU21810	263	CCTGAAGAATGCTTTGTGAT	CGG	BSU	2296826	2296846	rev	sense	0	39
BSU21810	266	GAAGAATGCTTTGTGATCGG	AGG	BSU	2296823	2296843	rev	sense	0	39
BSU21810	267	AAGAATGCTTTGTGATCGGA	GGG	BSU	2296822	2296842	rev	sense	0	39
BSU21810	268	AGAATGCTTTGTGATCGGAG	GGG	BSU	2296821	2296841	rev	sense	0	39
BSU21810	283	CGGAGGGGCTCAGCTCTATA	CGG	BSU	2296806	2296826	rev	sense	0	39
BSU21810	301	TACGGACCTGTTCCCTTATG	CGG	BSU	2296788	2296808	rev	sense	0	39
BSU21810	340	GAAAATTCATCACGAGTTTG	AGG	BSU	2296749	2296769	rev	sense	0	39
BSU21810	341	AAAATTCATCACGAGTTTGA	GGG	BSU	2296748	2296768	rev	sense	0	39
BSU21810	378	CTGAATTTGATGAATCCAAT	TGG	BSU	2296711	2296731	rev	sense	0	39
BSU21810	385	TGATGAATCCAATTGGAAGC	TGG	BSU	2296704	2296724	rev	sense	0	39
BSU21810	400	GAAGCTGGTTTCTTCTGAGC	AGG	BSU	2296689	2296709	rev	sense	0	39
BSU21810	401	AAGCTGGTTTCTTCTGAGCA	GGG	BSU	2296688	2296708	rev	sense	0	39
BSU21810	402	AGCTGGTTTCTTCTGAGCAG	GGG	BSU	2296687	2296707	rev	sense	0	39
BSU21810	472	AAAAAAGAATTCTTCTAAAG	CGG	BSU	2296617	2296637	rev	sense	0	39
BSU21810	473	AAAAAGAATTCTTCTAAAGC	GGG	BSU	2296616	2296636	rev	sense	0	39
BSU21810	476	AAGAATTCTTCTAAAGCGGG	AGG	BSU	2296613	2296633	rev	sense	0	39
