AGATCATTGGGCAAATGCCA	P1
AGATCATTGGGCTAATGCTA	C1
GTCTTTGCCGATAAGCCTGT	P2
GTCTTTGCCGATAAGCCTCT	C2
AGATCAATGGGCAAATGCCA	00
AGAGCAATGGGCAAATGCCA	01
AGATCATTGGGCATATGCCA	02
AGACCATCGGGCAAATGCCA	03
GGATCATTGGGCAAATGCCA	04
AGATCATTGGGCAAAGGCCA	05
AAATCATTAGGCAAATGCCA	06
AGATCATCGGGCAAATGGCA	07
AGATCATTGGGCAAATTCCA	08
AGATCATTGGGCAAATGCCC	09
GTCTGTGCCGATAAGCCTGT	10
GTGTTTGCCGATAAGCCTGT	11
GTCTTTGCCGACAAGCCTGT	12
GTCTTTGCCGATAAGCTTGT	13
GTCTTGTCCGATAAGCCTGT	14
GTCTTTGCCGATCAGCCTGT	15
GTCTTTGCCGATAAGCATGT	16
GTCTTTGCCTATAAGCCTGT	17
GTCTTTGCCGATAAGCCTGG	18
GTCTTTGCCGATAAGGCTGG	19

