AGATCAATGGGCAAATGCCA	-0.519727
AGAGCAATGGGCAAATGCCA	-0.450143
AGATCATTGGGCATATGCCA	-0.409941
AGACCATCGGGCAAATGCCA	-0.386557
GGATCATTGGGCAAATGCCA	-0.373508
AGATCATTGGGCAAAGGCCA	-0.322091
AAATCATTAGGCAAATGCCA	-0.279125
AGATCATCGGGCAAATGGCA	-0.232226
AGATCATTGGGCAAATTCCA	-0.178605
AGATCATTGGGCAAATGCCC	-0.079584
GTCTGTGCCGATAAGCCTGT	-0.553045
GTGTTTGCCGATAAGCCTGT	-0.394385
GTCTTTGCCGACAAGCCTGT	-0.346504
GTCTTTGCCGATAAGCTTGT	-0.268585
GTCTTGTCCGATAAGCCTGT	-0.235927
GTCTTTGCCGATCAGCCTGT	-0.201926
GTCTTTGCCGATAAGCATGT	-0.171569
GTCTTTGCCTATAAGCCTGT	-0.070043
GTCTTTGCCGATAAGCCTGG	-0.053591
GTCTTTGCCGATAAGGCTGG	-0.011508
