CONTROL	ATGATTTTTAATAGGTTTTC	-0.0927910337613918
CONTROL	ATAAATATGCCTAAAAACTT	-0.16807455124557014
accA	TTGGTTTGCAGCCCAATCAC	-0.08607139321263091
accA	TTGGTTTGCAGTTCAATAAC	-0.14618715364207505
accB	AAACTGAAAAAACACGAAGC	-0.10761282913547368
accB	CAATTGCTTTAATCCGCTCG	-0.1570040140667191
accC	GAAAGCAATCTCTCCTCTGT	-0.09934194019639896
accC	GACAGCAATTTCTCCGCTGT	-0.15222204716154034
accD	ACAGCGTATCGAAAGCTTGA	-0.09300679258445034
accD	CATTTTGTCATAGTGCCTTC	-0.20479772415880662
ackA	TTGGTTTAAACGGTTTCTGA	-0.09441649120268576
ackA	TTCGTTATAACGGTTTCTGA	-0.1788234262260742
acpA	AACAAGCTCAACTACATCTG	-0.08686206326188728
acpA	AACTAGCTCAACTACACCTA	-0.1827721349806687
acpS	AAGAAAAAACGAATTTCTCG	-0.14344696924661096
acpS	TCCGCTCGGCAAACCATTTC	-0.17119838023508577
adk	TGTGTGGCTTTAACGGCACC	-0.15077755233483717
adk	ATATCTCCTGGTGAGATATG	-0.08394189843281454
ahrC	TTTAATATCCGGTGATACCG	-0.0860602455796436
ahrC	CTCTGGTTTTAATATGCCTC	-0.14237604762656272
alaS	CTGTAGATCCAGAGCAGTGA	-0.11217989883255096
alaS	CTGTTGATCCAAAGCAATGA	-0.1541424015426015
alrA	GCTGACATCTTCCTTTGTCG	-0.192704376602061
alrA	GCTGACATTTTCCTTTATGG	-0.20528884474742645
ansB	CTTCAATTTGTTTATCCCCA	-0.03962008761422751
ansB	CTTCTTTTTGTTTTTCCCCA	-0.01944851211288298
argS	CTAAAACAACATTGGCAATC	-0.2743225903826538
argS	AGCCAGTCCCGCTTCCAGAA	-0.2930368811045031
aroA	TGATAAAATTTAAAATTTGT	-0.040861277868165034
aroA	TGATTAATGTTAAAATTTGT	-0.03315747264773156
aroB	GATAAAAACAGGATTTGACG	-0.10271753858900967
aroB	GAAAAAAACAGGATATGACG	-0.11577456569170544
aroC	TCTCGGCATCCGTTCCCCGA	-0.05677866255398367
aroC	TTTCGGCACCCGTTCCCCGA	-0.022972998627749198
aroD	GGTGACATAGAATGGCCTAT	-0.10280009064452872
aroD	GGTGACATCGAATGGCCAAT	-0.17145459248676093
aroE	AGTATGTATTTCCCCATGTA	-0.09169953477787834
aroE	TGAGAAATGCATTTTTCACC	-0.10762165599113713
aroF	TTGGGGGCCGGGTGATTCTC	-0.08779253383048374
aroF	GGCATGTACACCCTCAAAAA	-0.1692424367063984
aroK	TATTGACCAGCAGATCGAAA	-0.05263348210173358
aroK	CTACACCCATGGATCCGATC	-0.04507096049567811
asd	TTTACCCCTTCATAGCTCTC	-0.08930392188271805
asd	TTTACCCCTTCCAAGCTCTC	-0.18321993516817728
aspS	CAATAAAAATCCATCCGCCG	-0.17291103520536513
aspS	CAATAAAAATCAATCCGGCG	-0.17977652386918097
atpA	GTGAGATACCGTCACCGACT	-0.08858535626153662
atpA	GTGCAATAACGTCACCGACT	-0.10726752806457975
atpB	AGTTCTGGGCTTTTCTGGGA	-0.08622808002728952
atpB	AGTACTGGGCTTTTCCGGGA	-0.09895996756543823
atpC	GCATCGTATACTGGGCCGTC	-0.0845102377425342
atpC	AGTAACGATATTGGCTTTAA	-0.12778483693354498
atpD	TTAAACGCATTATAAATTTC	-0.0853782062149756
atpD	CGACGACCGGTCCAAATACC	-0.11510607216648673
atpE	AACGACAGCGATAAGAGGAA	-0.08634394757676783
atpE	AACGACAGTGATAATAGGAA	-0.15595319352308823
atpF	ACATAGCTCACAGTTGGAAC	-0.08431106838018196
atpF	ACATGGCTAACGGTTGGAAC	-0.0929509587254885
atpG	TGACTTAATATTGCGTAATG	-0.09019654700414291
atpG	AGCCGCAGATACCACCTGCA	-0.12465608645053398
atpH	TCGCAGCCGGGACCTTCGGA	-0.08509267107870588
atpH	GTTCAGCTGAGCGGACTCAT	-0.1061712844078365
birA	GCCGGAAATAAATCCATTGC	-0.08922035272780898
birA	CCTGAGAACATAATTCAATA	-0.17671279519781813
cca	CCCCGACAACATAAGCCTGA	-0.08939414872060887
cca	TCGATTAAGATGCGGAGCTC	-0.15741610634347172
cdsA	ATGAAACAAAGAATTTTGAC	-0.08617223252786459
cdsA	GCATAAGTTAACATGGTGAA	-0.28706603711701856
citB	TAGTAAATGTGTTTCTCGCT	-0.014935221269951712
citB	AGAAGAACTTTGATGGAATA	-0.013102455377969087
clpP	TTCGTTTGTGCAATGACTGT	-0.09042600735332958
clpP	TTCGTTTGTTCGATGACTGT	-0.17059901828298282
cmk	CTCAGTAACAATTTTGGCAA	-0.0944143660237432
cmk	TGCTTTTCCCCGCCGCTGCC	-0.14014622145240996
coaBC	CGGTGAAGCGAATCGGCTAG	-0.12251491630326147
coaBC	CGGTGAAACGAATCGGCTAG	-0.17083631194781448
coaD	GTCACAGGATCAAAACAGCC	-0.09284485933282562
coaD	GTCACAGGATCAATACTGCC	-0.18835544514825267
coaE	TCCTTTTTCAATCAGCATAT	-0.09390242282547925
coaE	TCCCGTTAAACCAATGACTA	-0.11343671421888597
cpgA	GCCTTAATAATTTTGCCCAC	-0.09148622290105674
cpgA	TACGTAATCACCGACCAGAG	-0.201838718152343
cshA	AGTATCGTTTGTGACTGAAT	-0.10247613746530496
cshA	TCTTTATTTGAAAGTCTGAG	-0.16050619421912435
cshB	TGTACTGAATCTATAATAAA	-0.08711703832804735
cshB	TGTACTGCAACTATAATAAT	-0.11257960238181995
ctaA	CTGTCTGCCTCATCCTTGGC	-0.08432314398820724
ctaA	GGAACCTGGTTTTGTGACGA	-0.17617794041390822
ctaB	GACGATCGCTATTTTAATAA	-0.08579891103293459
ctaB	AGCTGTATCATTTAAGATTC	-0.12432002310471654
cysK	ACTCCCAATTAATTCAGTAA	-0.04826254129109037
cysK	ATTCCCAATGAATTCAGTAA	-0.0433266221217282
cysS	TTCATTTTTCCCTCTTCAAG	-0.2798460931119599
cysS	TGAATGTAATTGTAAGCTGT	-0.3151004020307379
dacA	TTTGATATCAATTGAATCGC	-0.010289580057362678
dacA	ACTGCTTTCGCTTTTGACAT	-0.009249887053682194
dacF	TCTTTTTTTGCAAATCCAGA	-0.03769361019899306
dacF	CATTTTACCAATCAACAACG	-0.018242475077804677
dagK	AAGATCTCCCGTCCCGAAGT	-0.08758097480082314
dagK	TTCTAATTTTTGCAGGACCT	-0.1693442245005631
dapA	TTTTCTTCAGTTGAAGGGGT	-0.15813121832702873
dapA	TTTTCTTCAGTTGAGAGGGT	-0.17965275213277762
dapB	CGGGACCGCGTGGAAGAATG	-0.15730525306621207
dapB	GCCTGCCCCATTCTTCCAGG	-0.16291849212774256
dapF	ATCTCTGACAGTTTATCTTC	-0.14480031487819212
dapF	GTTGCCCAGGCCGTGCATGT	-0.15965774231544905
dapG	TATGCCCTAAAGCCAGGCTG	-0.19722423061296546
dapG	ACATCAGTAAAAGATGATAA	-0.21895048920880436
dapH	GGTTTTCTTGGATTTCTGTT	-0.10251863366257004
dapH	GGCTTTCTTCGATTGCTGTT	-0.1685166574936403
dapL	GACATTTAATAAATCCTGCT	-0.08815002051649365
dapL	GACATTCAATAAATACTGGT	-0.23872873766879077
ddl	ACTTTTTCTGTTATATCAAT	-0.22459607153599415
ddl	TACAGCCAGAGCTGTATGCC	-0.057492052134789105
degR	TTTTCCTTTTGTCGCGATAT	-0.0252586826064125
degR	TTTCTATAAATGTATTGTGA	-0.02258840130662827
dfrA	ATTAGAAATGCGTAATCATA	-0.08429784030342687
dfrA	ATCAGAAATTCGTAATCATA	-0.16830706206466634
divIB	TTATGTCTCGGTCTTGACCC	-0.09701477906116364
divIB	TGTTTTCTCGGTCTTGACCC	-0.13814394158412555
divIC	AATTGCCGTCAGGCATACTA	-0.08627397904561966
divIC	TTCAGTTATGGTTCGTTCCC	-0.10539403286214333
dnaA	GAGCAAGGGCTTGGTTCCAA	-0.09500457554467336
dnaA	TTGATCCAAGTGTCAAAACT	-0.1860842740635638
dnaB	CAACTGTACCAGCCCTTAAT	-0.15853626332267054
dnaB	TTAACCACATACGGGTCTAG	-0.19999202225520063
dnaC	GAGGAAGCCGGTAATTCAGA	-0.16114021466390338
dnaC	CAGGAAGCCGGTCATTTAGA	-0.33379547512530344
dnaD	TCCTTCAGCTGATTCGGTGT	-0.1054746889753897
dnaD	TCCTGCAGCGGATTCGGTGT	-0.18214241826098723
dnaE	TAGCCTGCTAAACAGCGCCG	-0.11088878691877094
dnaE	CAGCCGCGGCGCTGTCTAGC	-0.17278700750323608
dnaG	ACCTGATCCACAATTTCACC	-0.11652049355544065
dnaG	GCCAGAGTCCAAAGTAGTCT	-0.15693914864844202
dnaI	CACTGCAGGGAACGGCCGTT	-0.09650849289018296
dnaI	TTTTTGGAAGTCCGGCCTGC	-0.20809179167819766
dnaN	AAACTGCTTTTAATACTTCT	-0.0962308541343006
dnaN	CAGAATGGGAAGCGTGGTTC	-0.17096553683376176
dnaX	ACCAACTCTTCAAAGCGCTG	-0.11153399391010801
dnaX	ACCACATCTTCAAAGCGCGG	-0.1481071185533255
dppA	GAATCCACAAAGGGATCGTC	-0.02781629029684778
dppA	GCGTTCATAATTCCGCTTGA	-0.013994009320760238
dxr	AAAGACCTCAATCATTGCAA	-0.17220752696125588
dxr	ACATCAAGACCAATTTCAGC	-0.2601170673800033
dxs	TAATTTCTCTACTTCATCAA	-0.09639402150742733
dxs	ACATGTTTTTTGAAAACGAC	-0.16455733890993132
efp	CTTTTCCAGGTTTTACGTGC	-0.07238196864091925
efp	CTTCAATTGTTAATCCTGTA	-0.06678463033246985
engA	CTCACGACAATGGCTAAGAC	-0.11101374392888541
engA	CTCCCGACCATGGCTACTAC	-0.1724677395960299
eno	GCATAAAGATCAACAATGTA	-0.19513553444476053
eno	GCATAAACATCAAAAATGTA	-0.19589506293688666
era	TACGTTTGGTCTGCCAGTAA	-0.09875120994089145
era	TACGTTTGTTCTTCCAATAA	-0.19357828292882567
fabD	TAAATTGTAATCCCTGACTC	-0.0880380754144794
fabD	TAAATTGAGATCCCTGAGCC	-0.18586720957123096
fabF	GTATCGACGTCGTTACCAAG	-0.10716755153409478
fabF	GTATCGACGTCGTAGCCAAG	-0.1532306688305287
fabG	GATTGAGCGGCCGATTCGGC	-0.10343703938920576
fabG	GATTGAGCGGCCCATTCCGC	-0.19232807441024602
fabZ	AGCAAAAACGGACGACGGTG	-0.11923058885990666
fabZ	GTAAAAGAACTCTTCATCAG	-0.16114971405859227
fbaA	ATTTCCGTCATACAAACTAA	-0.09562324270004116
fbaA	AAATCGCTTGAGTAAACACA	-0.19832324826279468
ffh	AATCGTCTGCTGCAGTCAGT	-0.11183996196062006
ffh	CGCTGACTTTCCCTTTTCCA	-0.16239570924631663
flgM	GAAATTTCAATTGTATCTTG	-0.0859910727226219
flgM	GAAATTTCAATTTTTTCTTA	-0.2168482987593661
fmt	TTCATATCCGACCTCCATCA	-0.1051185352027867
fmt	AAAACAGGAACTGAAAAACC	-0.16513351556386383
folB	TTAAATCGATTTTAAACCGC	-0.08708072140645645
folB	TTAACTCGACTTTAAACCGC	-0.15356494437256066
folC	AACGCTCGGATCTTTTTTTC	-0.0873866993633418
folC	TGTTTCATTCGACCAAGTAC	-0.1765273913072202
folD	ATTAAAATAACCGCCCGTCC	-0.0955298247406782
folD	CGCACGTAAGAGTGGGGAGC	-0.17313990164856646
folEA	TACATCTTTCCGACTCTTTT	-0.08571623170294994
folEA	ACAAGAAGCCCTTTTCTATT	-0.1954077069474096
folK	TCAGTTCCAGTAGTTCAAAA	-0.08514930979153602
folK	CTTGATCTTCGTATCCTACC	-0.16936203411590137
frr	CTAATAATGATGTATTTGCA	-0.09632674834549161
frr	CTAAAAATGATGGATTTGTA	-0.17841654959820671
ftsA	TCCGACGGTCACTTTTGTCT	-0.11943232242110656
ftsA	TCCGACGATCACTTCTGTAT	-0.126046513431752
ftsE	CACAAACTCGCCGGGACGAA	-0.09777897137776846
ftsE	TGCTTTTACGCCGTTCGGAT	-0.16726423020443212
ftsL	GCCGCTGCTGTTTCTCTCGT	-0.11069293998447113
ftsL	ACCGCTGCTGTTTCTGTGGT	-0.15491700587702278
ftsW	TGATGGGCCAGCGCTTTAGA	-0.15783666195310708
ftsW	TGATGGGGCTGTGCTTTATA	-0.17898540434840146
ftsX	TGTAACGGTGACAGCACTAA	-0.08846748248083339
ftsX	CGTAGCGGTTACAGCACTAA	-0.1439755113071269
ftsY	AGGAGTTTCTTGTTTTTGCA	-0.09604487982202412
ftsY	ATTAGTTTCTTGTTTTTTCA	-0.12503729885448264
ftsZ	ATTTTCAATCATTCGGCTAA	-0.22593910560680613
ftsZ	GAGTTCGAAACAAACATAGA	-0.22907908058256923
fumC	AGGAACTTTTGCTTCTCCCA	-0.02629738697354851
fumC	AGGAACTTTTACTTCTCCCA	-0.02236091169083656
fusA	AAGGAGAACTCGCTTGCCAT	-0.13979155927015402
fusA	TTTTGTAGTAGTCGTTTTCC	-0.16893274510866566
gapA	GTACAGAATAATATTGTAAA	-0.08552993645776061
gapA	AAGGAGTGTTTAATGCTGCG	-0.16649708876452984
gapB	CTTTTTTTCCATTTACGATC	-0.07845536308612706
gapB	CTTTTTTTCCATCTACGATC	-0.034866685654423496
gatA	GTACTTTATCAACAACCGCT	-0.11980331132097087
gatA	TTCTTCATCTAAAGCCAAAA	-0.21795985399478937
gatB	GGCTCCGCGCCGAATCGCGT	-0.1019454780220281
gatB	GCCTCCGCGCCGAATGGAGT	-0.16574577630549706
gatC	CAGTAATCGCAAATCTTGCA	-0.0924841776524173
gatC	TGAGGTTAACACAGACAATG	-0.15785822902956959
gcaD	GCTTACCGCAAACTGGATGC	-0.18815347982740024
gcaD	GCCTATGGTAGAGCACGTCG	-0.19432024079696988
gcp	ATTGAAAGCCATAAGCGCTT	-0.13275561447869655
gcp	TGATGTCTTGAAACAATTTC	-0.1681067838523625
ggaB	TATTCTCAAAACCAATAGTA	-0.017421422203757638
ggaB	TACAAATCATCATTATAAAT	-0.01613446700309147
glmM	CTCAGGTGTACGCTCACTCT	-0.10206728561723416
glmM	GCCGAAACGTCCGTCTTTAA	-0.14601428187484283
glmS	CACATGGATTCCCGGTTCGT	-0.09401574820780732
glmS	CACGTGAATTCCCTGTTCGT	-0.21480583142723522
glnA	GCTTTTCCCAGCTGGGTTAC	-0.09440757841872456
glnA	GAATCACAGTAAATTGAAGG	-0.1728363410182777
glpD	TTCCTCCTCTGATAATAAAT	-0.13958232156044595
glpD	TGCCGCGTCAGGAGCTGTTC	-0.2942908294939078
gltX	CGGTTGGACTGGGTGTATAA	-0.15039072303096007
gltX	ATTTCCAACATGCAAATGTT	-0.17473445531902349
glyQ	TGTATACGGGCTCATCGTGT	-0.08712237406374576
glyQ	ACTAGACCAATGCTTTGGCA	-0.1642488626644596
glyS	CTTTCATTCAAGAAGCGCGC	-0.22162057222039747
glyS	ACGAACACAGCAAGACGTTT	-0.2861126096062312
gmk	GCCCTCTTTTGGACTTCTTC	-0.08938908716122629
gmk	GTTCCTGTACAAACTCCTGA	-0.14969869622524512
gpsA	TTTGATGAATCAAATCTGCA	-0.08479898393998554
gpsA	TTTGACGAATTAAATCTGCA	-0.16620995485025525
groEL	AGAACCAAGTTGCGTCCTTT	-0.08609774922766766
groEL	CGACACCGCGAAGCATTGCG	-0.13826849045930206
groES	TTCAGGCAACACAATTCCGC	-0.09136614682938526
groES	ATCCGGCAACCCAATTCCGC	-0.1666300659831067
guaA	TATACTGACTGCCGAAAACA	-0.09771140933470582
guaA	TTCATCCACGAACTTTGTCA	-0.16495861009806176
gyrA	GCTCAATGCATAATCCGAGA	-0.09080843130005552
gyrA	TCATTTATTTCACGAACTTG	-0.16632340305964985
gyrB	GTCGGACCGATATACATCCA	-0.09845964676489206
gyrB	TTTCCCATACCACGTGGTGA	-0.1505530494515957
hag	TGTTAAGCGCTGCAATATAG	-0.08526698683721798
hag	TGTTAAGCTCTGCAATATTG	-0.08371199115602958
hbs	AGTTACCAAAAACGATCAGT	-0.0932104112988659
hbs	TCGAGTTCTTCACCTGTTTG	-0.16227344906317837
hemA	ATTGCTTCTCCCAGCTCGTT	-0.09054151782967433
hemA	TTCACCTGTCTCAATAGGGG	-0.17509198376770932
hemB	ATCGGATATATAGAATCTGA	-0.10966102978697574
hemB	CTTTTGATGTGCGCAGGCGG	-0.18818923590458905
hemC	CATAGCGAGTTTGCTCCGCC	-0.08600623435970195
hemC	CAAATCGAGTTTGCTCCGTC	-0.18278751105996296
hemD	AGCACTGTTTTTCCATTCAA	-0.09129879361470282
hemD	GGCACTGTTTTTCCTTACAA	-0.16314176285420953
hemE	GTTTGTCTCATATACCACAC	-0.08983518333357955
hemE	TTCTTCAGCTTGCGGTATTC	-0.1714641420046515
hemH	TTTTGAAGCATTTCAGGTTC	-0.08577169158124642
hemH	TCTTGAAGCATTTCAGGTTC	-0.1302065097362878
hemL	TTCCGCGCTGCATAAAAATC	-0.1046093034755894
hemL	TTCCGCGCTCCATAAAAATC	-0.1702027999513128
hemY	ATAGAAGGCGGCGGCTACAC	-0.08565746030618351
hemY	ATAGAAGGCGACGGCTAAAC	-0.15154928019126807
hepS	GAAATATGCTTCACTAAATA	-0.10520434890090165
hepS	ATTTAATTTCGTGTTCAGAT	-0.14621585021786643
hepT	ATCGTCATTTAACAAAGAGT	-0.09299789010207722
hepT	TCATTACAATCCGATATGCG	-0.15573858416786598
hisS	TAACATTCCGAGAGGAACAC	-0.1954873735994475
hisS	TGCCAGCGATTTGATTCTCT	-0.2577827851439735
holA	TTTCCGTATAAACATTAAAC	-0.08453903303345298
holA	GATCCACCTCTCCTTTTTTC	-0.1891108171072767
holB	AAGCTCGTACGTTTCCTTCC	-0.11023336981007438
holB	AAGCTCGTTGATTTCCTTCC	-0.16785156619405886
hprK	TTTCAATACGTGGTCTTGAT	-0.08888044432351616
hprK	GGTCACTCCTTGTAATCGGG	-0.13906422144684316
hprT	TTGGTAAGATCCACCATAAA	-0.08639059350587962
hprT	TTGATAAGATCCGCAATAAA	-0.16573169460593493
ileS	TGAATGTCAGAATCACGGTT	-0.08497068726826569
ileS	CGCATCGGGAAATCTCTTTT	-0.17647374244104555
infA	TTCAAAGTTGAACTTGAAAA	-0.15719649308201625
infA	ACTGTTTTGGCTCATGTATC	-0.18534011539422152
infB	AATGGCCTTTTCTTCAAGCT	-0.10576592061210909
infB	TAAATCCATCTTCTTCAGTG	-0.1710616790945042
infC	TTAAACGGACCTCAAGTGCA	-0.13971841571460716
infC	GACGGGACTAGATTCCAATC	-0.23353660182895422
iscS	CTCATCCATCGGAGAAGTTG	-0.10985839816632767
iscS	TCGAAACTGCCGGTGAAGTG	-0.16987317099877963
iscU	CTGATGCGGTCCCCGCATGT	-0.09006778323967853
iscU	CTGATGCGGTCACCGCATGT	-0.16552967267988045
ispA	ATAGATTTCTTTAAGGAGTC	-0.09609799464194703
ispA	ATAGATTTATTTAATGAGTC	-0.1664223792499796
ispD	TTAACGTGTGTATGAACACC	-0.11114001309527044
ispD	CGGACAGGGAAAGCGGATGA	-0.1563754597913628
ispE	AGTGACATATTGATCTTTGC	-0.08474660909733338
ispE	ATAGCCATCCGGGCGTATTC	-0.16809237368912497
ispF	CAAGCAGCCCTTATTCGTAC	-0.12133939764156843
ispF	TTCCGCCAATACTGAGAGGA	-0.18286631578486834
ispG	GTTAAAGGTCCCACTTTGAG	-0.1398164822029591
ispG	TTTTTGTTGTGGTCATGCTT	-0.19764255577909967
ispH	ACACCATGGCAATCGCCGCG	-0.09254494162796637
ispH	TTTATCTAGTGACGCATTTT	-0.1733462880041974
leuS	AACCCAGCTCCAGACGGGTA	-0.24590828464992617
leuS	AACCTAGCTCCAGACGGATT	-0.32844788635872113
ligA	TGGGCCGCTCGGTTCATGTA	-0.10498727116791781
ligA	TGGGACGCTCTGTTCATCTA	-0.20634535481297012
lysS	CTTTTAAAACGTGCGCCGAA	-0.16639800798830057
lysS	CTTTCAAAACGTGCGCTGAA	-0.16995697678243604
med	TTCTCAATTTTTCCTTTAAA	-0.026883658044954805
med	TTCTCAATTTTTCCTCTGAA	-0.010533349535643662
menA	GAAGACGGGTTAACTGCCAA	-0.09472833760987448
menA	TGCCCCATGCATTCTTTTTG	-0.16434380572164645
menB	ACGTATTATGTTCCTCAGGT	-0.09590312066265481
menB	ACGCCTTATCTACCTCAGGT	-0.16654725052817426
menC	GTTTCGATACTGTTTTTAAA	-0.13480385297919428
menC	GTTTCGATACTGCTTTTAAA	-0.1617344845999823
menD	TTCCGATGTAATGAGTAAGC	-0.09015347367658838
menD	TGCCGAAGTAATGAGTAATC	-0.16972518145535137
menE	GCCCGCTGCATGAGCCAGTA	-0.1216681703392971
menE	TAGATGAGAGCAATTCTCTC	-0.16817034690299634
metK	CACAAGCAACACGCGCGCTA	-0.09827021055588292
metK	CACCTGCAACACGCGCGTTA	-0.19295398516842913
metS	TAAAATGTATTGGTTTCTTG	-0.1241452384539568
metS	TAAAATGTATTGATTTCTTG	-0.17562723584745188
mgtE	TAGGTCATGTTTTGAACCAT	-0.25767588806264674
mgtE	TAGGTCATGTTTGGAACCAT	-0.07291883579635718
mnaA	TTCAGGCCTGGTCCCAAAAA	-0.12760984527366256
mnaA	TTCAGGCCTGGTCCCGCAAA	-0.2467229071860311
mraY	CTTCAAAACGGAATAAGAAA	-0.1586011443210026
mraY	CTTAAAAACGAAATAAGAAT	-0.23342147939649016
mreB	GTCTACAAAGTGACAACTGA	-0.06719869319127046
mreB	AATACGCTTGTTTTTGTAAA	-0.0367222731953272
mreC	TATGATTGGATTTTCGCTGA	-0.33570628597131996
mreC	TCTCAGGCCAAGTGGTATTA	-0.039274917662882734
mreD	GCATCAGAACGAAAGGAAGA	-0.09252697138905565
mreD	GGAAAGCATTTTTACAGATT	-0.18816316967737381
mrpA	ATATAATCAGCAAGACGGGC	-0.08836806902685052
mrpA	ATATAAACAGCAAGACGGGC	-0.16344172035458737
mrpB	CCGCCGACAACGCCTCCTCG	-0.1259110861532913
mrpB	CCGCCGACAAAGCCGCCTCC	-0.1553343133606777
mrpC	AGCAGCCATAAAAAGAATAC	-0.08505897289773158
mrpC	AGCAGCCATAAAAATGATAC	-0.17268973500523796
mrpD	GCCGCTAAGCACAATCCCGA	-0.08445786935934237
mrpD	GACAAAAGCGGGATCTGGAT	-0.17815638834329436
mrpE	ACTGGCGAGTGTAAAAGCGC	-0.08528282512386731
mrpE	ACTGGCGAGTGAAAGAGCGC	-0.15945546462379043
mrpF	GACACGATGGACATACAAAA	-0.03572439421453132
mrpF	GACACGAATGACATACAAAA	-0.03479124460469616
mrpG	TACGGCCACAACGACCTTAG	-0.03547263745065549
mrpG	TACAGCCACAACGACCTTAG	-0.03422994820588163
murAA	TCCTGATACCACCATTCATA	-0.08419872308006496
murAA	TCAATCGCTTTAAGCTCTTT	-0.16819082567081786
murB	CGGCGGACCTGCGGATGTAT	-0.20681787281595693
murB	ATCGTTGTATGATTCCCGAG	-0.08192055849708534
murC	ATTTTTCAAAATCCGATCCT	-0.21244377374645987
murC	ATTTTTCGATATCCGAGCCT	-0.021462272223708046
murD	ATCCGCTTCTCGCAAGTCCA	-0.12722589229320497
murD	TCCTTTTTCATGAAGGATGG	-0.141481412942296
murE	TCTCTATTGAAGATATTTCA	-0.04667246986633517
murE	TCTCAATTGAAGTTTTTACA	-0.021404583752715183
murF	ATGACTGTTTGTTCATATTT	-0.2714098507167891
murF	ATGACTGTTTGGTCATATTG	-0.05293701170522738
murG	TTATATAAAAATCCCACATT	-0.2753117316407394
murG	CTATATAAATATTCCACATT	-0.020483857083372872
nadD	AAATTACATCAAGCCCCGCC	-0.09797749702299913
nadD	AAATTTCATGAAGCCCCGCC	-0.17661770271470675
nadE	TCTTGCTTTGGATCAATTGC	-0.09810414762386424
nadE	TCTTGCTTTGGATCAATTGA	-0.17741587234716244
ndh	CCGTAATGATTAGGTGAGTT	-0.09547804242900952
ndh	CCGTAATGATTTGGTGATTT	-0.17332021488788443
ndhF	TTCAGTAAGGAAACCAAGAG	-0.024925327219673436
ndhF	ACAAAAATCAAGGGTACGCG	-0.017487457658500506
nrdE	ACTGGAATTTCCAATCTTTT	-0.08949630247419427
nrdE	TTATTTAACTGGATCCATCT	-0.20756072304015727
nrdF	TATTAGAGTATGACTTCGCA	-0.09362491005618105
nrdF	TACTAGAGTACGACTTCGCA	-0.16576118194548584
nrdI	ATACAAACGGAGTGCCCACG	-0.12570690891198955
nrdI	CTGGCCGAAGTTTGTAGTGT	-0.17918586672142228
nrdR	GTACGGTTATGCTGGCATGA	-0.13511082362218327
nrdR	GTTCCGTTATGCCGGCATGA	-0.17976026028793313
nusA	CAATTGAGGTTACTAATCTC	-0.11518775997480875
nusA	CAATTGGGATTTCTAAGCTC	-0.1953084645031661
obg	TTCCTCCGGCACCGCCGGCA	-0.08991651791879791
obg	CGGCGACGGCGGCAACGGTA	-0.17015749374733422
odhA	GATTTTTACGGTCCGAACCT	-0.160167708868261
odhA	TCCAGCGCATTGCCGAGGTT	-0.285240791052296
panB	TGTTCAGCAAGTTTAGATGC	-0.08653156432689472
panB	TTTTCAGCAAGTTTAGCTGC	-0.18587941118546678
panC	CTCTGAATTGTATTGTTTTA	-0.09261380450483173
panC	TCATGCAGAAACCCAATCGT	-0.19082317887626543
panD	TAATGCTTCCCACATAGTCC	-0.10360816701728287
panD	TAATGCTTCCCACAAAGTTC	-0.18555667644269852
parC	GGGAAATCATGAAATAATGC	-0.0914805992542276
parC	TGGCCGATAACCTCTTCTAA	-0.1811764396728334
parE	AAGGACTTCGAGCACCTTTA	-0.09828848365579544
parE	ATATTGGCTCTACTGACGCG	-0.1817505095071578
patA	TGAAATGACGTATTCGTGTT	-0.09129521183944249
patA	ATTTCGATCTCTCTTGCATT	-0.11966461660861952
pbpA	AATAAAATATTCAGCCGGAT	-0.044457184189801095
pbpA	AACAAAATATTCAGCCGGAT	-0.03948700574449253
pbpB	TTCATAAATCTATTCTTTTT	-0.09661460441330491
pbpB	GAATATATGCCGTTCTCCCT	-0.16032279280540412
pcrA	TGACTGCTTCCTACTGAACG	-0.08602069240435777
pcrA	TGACTGCCACCTGCTGAACG	-0.13169164379853074
pdhA	CGTTTCGAACTGCTTTTTCA	-0.08588247761062649
pdhA	CTCCCTTTTCATTTGAAATT	-0.1684443658247247
pdhB	AATCATTTTCATTTGCGCCA	-0.12231920583226248
pdhB	AATCATTGTCATTTGTGCCA	-0.16867149350947044
pdhC	ATTTTACGTTTTCGCCTTCG	-0.0890511236350419
pdhC	TGTATAACTTCCCCGATATC	-0.18373075693771865
perR	TTGAGGAGTAATACGAACTC	-0.10258446129128077
perR	TTGAGGAGTAAAGCGAACTC	-0.14852528242848081
pfkA	AACTGCTACGTTCATTCGCG	-0.08476992511197767
pfkA	CCTTCAACTGTCTTGAATTC	-0.19120315469020907
pgcA	TTTATAGAAAAGGTCCTCAA	-0.005649646398378775
pgcA	GGAGAAAGAGCTATGAACGC	-0.0051481298376658885
pgk	TGATTGTTGTAAGCGCAGCA	-0.11917352183739803
pgk	TGATTGTTGGAAGCGCAGCG	-0.23341261518847528
pgm	TTTCAATAGGGGTCAAAATT	-0.11818178517079504
pgm	TACCAATAGCGGCCAAAATT	-0.24122967675163032
pgsA	GCATGATAATCATAAAGATT	-0.2644158249613182
pgsA	GCATGATAATCATGAAGACT	-0.2943058396793907
pheS	TTCGCGAGCGCCCCCATATT	-0.1430886979334885
pheS	CCGCGCAGAACTTCTGTAAA	-0.14565771161553864
pheT	AATTCCTTCAACCTCAATAT	-0.10138827832788128
pheT	TTTTTTCAGTAAGAACAGCC	-0.19673332699156787
plsC	TGTAATCACATCACCCCAGC	-0.08581671094568212
plsC	TGTAATCACATCATCCCAGC	-0.10994176725223682
plsX	CAATAACAGCTTTGGTAGCG	-0.124108344550039
plsX	TGTCACCGACAAGTGTGATC	-0.05572024564898018
plsY	TGGAACGCTGCCTATCTAGT	-0.105158907465572
plsY	TTGCCCATAATTAAGCCAGA	-0.20084831749386822
pncB	ACGGCATAGCCATTTTCTAA	-0.09538652516917935
pncB	TTTTTGAGCTGTTTTTCAGA	-0.1707195456158959
pnpA	GCCAAGCTGGCCGGTTTTAA	-0.09481845103271505
pnpA	CGTTCTTCCGGCCCAATCTA	-0.15868768653155663
polC	AATGTGTCATATATTTGAAT	-0.11601605196401128
polC	ATGTTCGAAGTAGGTCATGA	-0.3158416229226429
ponA	TCGCTTTTCGTCGAGCTTCA	-0.13798803607838628
ponA	GGCAAGAAACGAAAAAAGGG	-0.060646809901665405
ppaC	AATGCTGAGCCTGTCCGCCT	-0.08442627904977108
ppaC	TGGTATCTGTAGCTGGGTTT	-0.17351223591022313
ppnKA	CCGACTGAAATAACAATTTC	-0.12413975010800812
ppnKA	CCGACTGAAATAATGATTTC	-0.23217757954893456
prfA	TTCCGATCGTTGACTACTTC	-0.11943903430492168
prfA	TGATTTTAATCGGTCTAACA	-0.21173085871059824
prfB	CGCGGGCCGCCTTTGATTCG	-0.10428239837180987
prfB	TGCGGGCCTCCATTGATTCG	-0.16816715518405392
priA	TCATGCCCTTCAGATGATCT	-0.12109248395019276
priA	AGAAGGCCTGTCTATAATTT	-0.17519419179140758
proS	AAGCTGTTGACTTTTGGCTT	-0.11041627697311333
proS	CATCAGCTTCTTCTGAGAGC	-0.1655423610007553
prs	GACTTTCTTCGATATAAATT	-0.12182455058059875
prs	TACTTTCTTCGATATTACTT	-0.18547244887248635
prsA	TGCTGCAAGCAATGAGAGCG	-0.3280128929577187
prsA	TGCTGCAAGCACTGAGAGTG	-0.059006770234725565
pta	ATACGCTCGTCTAAACCTTC	-0.11102474230676782
pta	ATACGCTCGTCTTAGCCTTC	-0.16810163476953857
pth	TTTCCCCGGGCTTCCGAGAC	-0.10601265410108648
pth	CATCCCCGAGTTTCCGAGAC	-0.18227360308349497
purB	AAGCTCCGCCCACGCCTCAC	-0.09415799420747416
purB	AAGCTCCGCCCACGCCTAAC	-0.0764326337798113
pyk	ACTTTCACCTGCCGGACCTA	-0.0987875884481352
pyk	ACTTTGACTTGCTGGACCGA	-0.1664334709372911
pyrG	GAATCGTCACGTTCATTCCG	-0.09577492209628405
pyrG	GAATCGTCACGTTCAGTCTG	-0.13635354566713165
pyrH	CAATGGATTGAATGACATTC	-0.10484621348845788
pyrH	CAATGGATTGAAAGACAGTC	-0.14685688495823976
qoxA	AAGCATTGCTGCATTCCCCA	-0.09915317017103585
qoxA	AAGCATTGCTGCATCACCCA	-0.13251533597909845
qoxC	CCCGAGAAGATTAAGTCTGC	-0.08473585754989552
qoxC	GTTTCAGATTGATATCCCAT	-0.15137364697692735
qoxD	AAACCTACGATGAGTTTCCA	-0.08526332950766442
qoxD	GCAGGCTCAAAACGATAGAC	-0.14134426891316712
racE	TGGCGGTTTAACCGTTGCGA	-0.1298111500089829
racE	CCGGAATCAATGACTCCGAT	-0.32780878211037745
rbgA	ATCGATTAATTTTAATCTTT	-0.1371269574019667
rbgA	TTGCTTTTGCCATATGGACC	-0.18439662704792975
recF	GTTCAGCATGGTCGTAGTTA	-0.0944437956009355
recF	AAGATGTCAGGTCTAAGTTC	-0.16874445842719735
relA	CAATACTTGTACGTTCGCCA	-0.08696691147760005
relA	TGCTTTATCTATAACTTGCA	-0.16936641170225233
resD	GCTTAAAAGGCGGCGAATTC	-0.08122274323802763
resD	ATATTTTTGTTTCGTTCGTT	-0.07826571694362963
rex	CAATAAGATCCTGCTGGCTT	-0.08629680335970925
rex	CAATAAGTTCTTGCTGGCTT	-0.1477664192033135
ribC	TAATGTCAGGCCTCTTTCTT	-0.20119749173479912
ribC	TAATGTCAGACCTTTTTCAT	-0.25946621144557586
rimM	ACAAAGCGATGGTTTAATGT	-0.09878264384888594
rimM	TCCCGGCTTGTATCGTTCGT	-0.14963535479071358
ripX	CTCTGTCTACCATAACGTAG	-0.08455939034675344
ripX	GCTTTTCAAGTCACGTTCAT	-0.12646490639997052
rnc	AGCCTTTCATTACCTTCATA	-0.08711247329896822
rnc	AGCCTTTCAGTATCTTCATA	-0.16250693747832337
rnjA	CAATCGGTACAACTTCATCC	-0.08424967282247983
rnjA	GATTTCGCCCAAACCTGCGA	-0.16094742546209556
rnpA	GCGAATATAAGACATACTGG	-0.09055492679656744
rnpA	ACACGCAGTGCCTCATTTTC	-0.20178722397317886
rnz	TCTCGCCTTGGCGGGGCTGC	-0.08973572002291078
rnz	TCTCGCCTTGTTGGGGATGC	-0.17512256625573186
rodA	TAAAATCCCCCTGGTAACAG	-0.11079366793295178
rodA	TCAAATCCCCTTGGTAAAAG	-0.29893312792751225
rok	AAACCTTTTTGATTTCGGAA	-0.031388085386525176
rok	AGTCAGGTGTTTTTTCAGAA	-0.022832764881027104
rpe	TTTAATCTCATTGCCTAAAG	-0.13840240274204932
rpe	TGTAAGCTCATTGCCTAAAG	-0.16425842840863802
rplB	AAGTATAAACCGACCTCTAA	-0.10449016543528002
rplB	GGAGCAACCAAGGATTTTGC	-0.10843427811171676
rplC	TATTCCGGTAACTGTTATCG	-0.1670955437330817
rplC	TTTTCTTCTTAAGATTCCTT	-0.3042152457691258
rplD	CACCAACAGTAGAACCGTTA	-0.10140104348288283
rplD	CACAAGCAGTAGAACCGTGT	-0.17856796243139403
rplE	TTGAACTTAGACATTAAAGC	-0.09267707338908594
rplE	TTGAACTTAGTCATGAAAGC	-0.1877520887918903
rplF	AACAACACTGTAGCTGTGAA	-0.1259605440805214
rplF	TCGTACGTTTCACCCTGATA	-0.183278085323242
rplJ	GTTGAACAAGCTGAGCTTAA	-0.09021708509247427
rplJ	TGTTTCAATGGCGCTGCTCA	-0.13289759149161273
rplL	CTTTTTCGATTGCTTTTAGT	-0.08213024704051468
rplL	AAGTACAGTTGCTTCTTTAC	-0.06968284868425123
rplM	ATAATACTTGCGTCAGCCAT	-0.14216167128324883
rplM	ATAGTACTTGCGTTAGCCAA	-0.15413579420019413
rplNA	TTAAAAGTAGCTGACAACTC	-0.11187907122816663
rplNA	CCTTTTTTGACAAATCCTCC	-0.0815271028439924
rplO	GTTTTGCGTGAACCTTCTGT	-0.12489751956403629
rplO	TTTGTCCCCCCTCGAAACCA	-0.1305646358444331
rplP	CTTCCGTACCGCCTTTCGCT	-0.16204312531994525
rplP	CTGCGATATTGAGCGCGTTT	-0.1718768857667763
rplQ	CTTCGTTTGCAGCCGCGTTG	-0.13897703526855495
rplQ	TGCTGCATACATCCGCAACG	-0.17437081249465256
rplR	TGTTAGAACGCAAAACGTTC	-0.08653907464304754
rplR	TGTTAGAACGGAAAACGTTG	-0.16149863816752846
rplS	CATAGATCTGAATACGCTCA	-0.08553268149973456
rplS	GTGTCACCAGGACCGAACGC	-0.16387895537293323
rplT	TTCCAGATATCATGACCTGC	-0.03747853446391258
rplT	TTCGAGATTTCATGACCTGC	-0.0344736570567144
rplU	GAAAAACTTGCTGCTGAAGC	-0.08470546976351735
rplU	GTTTTTCGATGTACACAGTT	-0.165415876832639
rplV	TCGTAAAGCACGTCTAGTAA	-0.1361094349219193
rplV	CTACTTGCTCGCCTCCAATC	-0.16231658140855207
rplW	GGGCGCTGTAGAACATCAAG	-0.10405193697512391
rplW	CAGAACGTCCAGTAATGATG	-0.2004300204523483
rplX	CCTTGCTGCTTTCCCTAAAA	-0.12949903100729424
rplX	TTACACCTTCAACTAAAATG	-0.1687398262931358
rpmA	TTGTTCCGCGTTAACGGTAA	-0.08832332644322419
rpmA	GTGTTCCGCGTGGACGGTAA	-0.1593864310019395
rpmC	TTTTTATTCAATTTCAGCAG	-0.1792885840722851
rpmC	TTTTTGTTGAATTTCAGCAG	-0.1843507192693199
rpmD	CAGTAACGTGTAGGTCTTCC	-0.12764427821962313
rpmD	ACCGATTACTCTCCGTTTGA	-0.14005369239714519
rpmEA	ACTGTTGCGTGTTTGAAATT	-0.12181902411929998
rpmEA	GACGGCCAGTGCAGAATGGG	-0.1698514649289674
rpoA	ATTTCAACCGTTACGATTTT	-0.1032898872777729
rpoA	TGAAAAACCAAAAATCGAAA	-0.1448698714961962
rpoB	TTCAAACCTCTTCTTATCAG	-0.12681772341919068
rpoB	GTTTGAATTTCCATGAGATT	-0.19520686913440546
rpoC	AAATTGTTCACATCTAGTAA	-0.11973609194661264
rpoC	CACCAGATAAAATCCGTTCA	-0.16645549800199314
rpsB	GTCTTTTTGTTCCGACGAAA	-0.08783019507164652
rpsB	TTGGGTTCCAATGGCGCGTT	-0.18246697041853896
rpsC	GAATTTGTAAATCTTTGTGC	-0.09265461728280837
rpsC	GTATCGGAGTCATTCGTGAT	-0.15808297054053602
rpsD	CGCTAAGAGAGACCCCTAGA	-0.18886934555787024
rpsD	CGCTAAGAGGGATCCCTAGA	-0.19028594761783243
rpsE	CTTCTAACGCTAATTTGCTG	-0.12056789769304285
rpsE	CTTTGACAACTTTCGCTGCG	-0.1646543047112377
rpsF	CGATTTGGTAGAAACCGTTG	-0.08902853247511315
rpsF	CGGTTTGGGAGAAACCGTCG	-0.24484617781090806
rpsG	TTAGAGTTGTAAATCGTATC	-0.10575330497029264
rpsG	TTAGAGTTGTAAATCGGAAC	-0.2090369973386807
rpsH	TTTCTTTTCAATTTAGAAGC	-0.09660610118623382
rpsH	TCTCTTTTCAATTTATAAGC	-0.17334813781968686
rpsI	GCTCTACAGAGCTTTGACGA	-0.10375647715738416
rpsI	GCACTACAGAGCTCTTACGA	-0.18136049146406077
rpsJ	CGGACTCGGACCAGATAAGC	-0.08457135723811632
rpsJ	TCTTCTCTGCATATTGATCA	-0.1618364456309445
rpsK	GTGAAAAAGAATATTGAGTC	-0.1579477276066236
rpsK	ACCCCTGAATCCAAAAGCTC	-0.17718540042585337
rpsL	CGAATTAGCTGATTAATTCT	-0.17569250039457707
rpsL	TTGTATCCTTTGTTAAGCGC	-0.19434213554824373
rpsM	ATTTCTTTAACATACATCTT	-0.14302216409027863
rpsM	TAACAACACGTTTGTCACGG	-0.18730856510577934
rpsNA	TACTCTTGTACTTTAAACTA	-0.08839516297038622
rpsNA	TACTCCTGTAGTTTAAACTT	-0.19736759352153457
rpsO	AGGATAGCGATCTGAACATC	-0.12246561850212176
rpsO	AAAGACCACCACTCACGTCG	-0.1871134591045486
rpsP	GCTACAACAATACGATAGCA	-0.14826803704383537
rpsP	TCGATGAAACGGCAGTCACG	-0.18210819773202244
rpsQ	GGCCCTGGTAAACTTTACGT	-0.1253888667397867
rpsQ	CCATTTTGTCAGAAAAAAGA	-0.16743117043132114
rpsR	TTTGTTCCAGTTACACGAGG	-0.1707833303172985
rpsR	CTTGTTCCAGTTACACGAAG	-0.19843272960839325
rpsS	ACTATTTTCCCACAGTTTAT	-0.1332910733154215
rpsS	TTGTCTGACCAATAAGCTGT	-0.20537435588854946
rsbRA	CAATGAACTGATATACAGTC	-0.010908699668217343
rsbRA	CAATGAACTGGTATAAAGTC	-0.010571013193614899
rsbW	CCCACATATTCAGGTTGGGT	-0.011203789026634178
rsbW	TTACATCGAAATGAAAGTGC	-0.0073316086704106045
rsiV	CTTTTTTGGTGCTTGCTGAG	-0.0333400605789707
rsiV	ACAAAGAGATCCAATTCTTT	-0.018867147293033563
rsiW	ATACGTGTTCCTCTTTTGGA	-0.08717220590819458
rsiW	ATAAGCTGCACCATTTGTTC	-0.07194251020890928
sacV	AGAGATTTACAAAAAATTCT	-0.09932735334137704
sacV	AAAAATTATTGGATTTAAAC	-0.18946377191757519
sacX	CACACCTTGCAGGTTCCCAA	-0.016908820801180637
sacX	ATCGAAGAGGGGTCGTACAA	-0.008853148144781131
scpA	TGTTCAGTAATCTTCGCCAC	-0.08605624331870494
scpA	AATGAAGCAGCAGGGCCAAT	-0.1759044560071176
scpB	GGCATGATCGTGCTCAGTTC	-0.08541307212265803
scpB	GCCATGATCGTCTTCAGTTC	-0.14332840228404412
sdhA	TTTAATTGTCGCCATCAGGC	-0.02481560960188187
sdhA	ACAACGATTGACAGGAACGA	-0.0133414202650934
sdhB	ATATCAAGTTCTTCATCATA	-0.009906338398793277
sdhB	ACATGTGATAATAAATCGTA	-0.008675483606426213
sdhC	CAGCGCCCTTTGCGGCAAGC	-0.01783252575555564
sdhC	CAATAGCGCTGCTCATTTTA	-0.012121033855381103
secA	CTATTCCGCGTACTTTTTGT	-0.060535409727854435
secA	CTTTTCAACGTACGTTTTGT	-0.025535518219213273
secE	AACTGGTGAAATTCCCGTAA	-0.2014685627893004
secE	AACTGTAGAAATTACCGTTA	-0.2974705661207932
secG	AGTTTATCCGGCACTTTTAC	-0.06994862847812576
secG	AGATAATCCGGCACTTTTAC	-0.06589422758927682
secY	ATCACTCACACGCACAAGGT	-0.08649233812596185
secY	ATCACTGACACCCATAAAGT	-0.14482256876253322
serS	CCGACAGGTACACACTCATG	-0.1293277135750133
serS	CCGACAGGTACAGACTCATA	-0.19453283847019343
sigA	GAATGTTAATTCTGACTCGT	-0.0872029870693318
sigA	CTGGTAACTGCTCTTTTACT	-0.18680241312698836
smc	CTATAACGTCTAAACGTATG	-0.09456052490052527
smc	TTATAACGTCTAAACGTTTG	-0.17451088977574652
smpB	AAAACTTTTCCTGACCGTTT	-0.08718090032353369
smpB	AATACTTTTCCTGACCCTTA	-0.16835840508754135
spoIIAA	TGACATTCATGTCAATTTCA	-0.11055366858543438
spoIIAA	GCAAAAAGTGACTCAATCAT	-0.025829153782194112
spoIIAB	GACTGAGGGCAGAAAACTCT	-0.016564248534227527
spoIIAB	GGCTGAGGGCAGAAAACTCA	-0.016127849630424376
spsA	GTCATAATGACAGATACTTT	-0.013743817768553598
spsA	TTTTGAGAGTATGCTAGAAA	-0.012659191261510857
spsB	CACCCAATAATTGCCTAAAT	-0.02623908328365125
spsB	CAAAAAGCTGCACGTTCTTC	-0.025653346440462285
spsC	TTTCAAACTGCTGAAACTTC	-0.01252306675211328
spsC	TTTCAAACTGCTGAACACTC	-0.008413373744139677
spsD	GTTCCGTATCAATTTTCCCT	-0.03370522131274275
spsD	CCAATGTAGGCTTTCTGCTT	-0.02615592943527205
spsE	ATCCGCTCCCGCGTCCGCCG	-0.1832358917713963
spsE	AACCGCTCCCGCCTCCGCCG	-0.2140473386113905
spsF	AAAACGCGCTTTGTCGGACA	-0.035275362702968195
spsF	AGCGGCCGAAGCACTTTTAC	-0.02575449886980307
spsK	TGCCGCCAGCTGAAGCAAGC	-0.006476190261431347
spsK	AAGAATGCCGTACGGAGCGC	-0.0064469957599072635
ssbA	TTGGCGTATAAAGAAGCTCT	-0.12703023316369222
ssbA	TTGGCGTATAGCGAAGCGCT	-0.07226983982715628
ssuC	GAAGCGGTGCGAAAAAAGCC	-0.03553374933859802
ssuC	ACCGCTTCGGCATTTGTTTT	-0.011016115472256534
sufB	TAATTGTATCCACCAATATC	-0.08542692348359691
sufB	TACTTGTATTCACCCATATC	-0.16416511390234156
sufC	ATTCTCCACCTGTTATTTCA	-0.08464964412989948
sufC	AATCTCCACCTTTTATTTCA	-0.17966963833276117
sufD	GGCAGGTTCTTGGAGCTTTT	-0.08476737600378065
sufD	TTTGAGATACGCCTGATCTA	-0.16214622721701394
sufS	TCACTTGCTGATGACGGATC	-0.1345578091778128
sufS	AATGGCATCACGCGGCTTCT	-0.15954383606118383
sul	ATCATATAAAGAGAAGACGC	-0.10041955050315436
sul	CCGCCGTCCGAGAAAGACTC	-0.17386454978414817
sunI	GATAATATCGATTATAAAAT	-0.02701090898982714
sunI	CAAAACTATAAAGTGTATTT	-0.013954040736113093
tagA	GTTACGTTACCGTTAACATA	-0.025522802514325576
tagA	CTTAAGTTACTGTAAACATA	-0.007738668030199388
tagB	TGTCACCCATTGCAGAAAAA	-0.13190955749727737
tagB	AGGAGGGTAACTTTGCTTTC	-0.18511996514772017
tagD	TGATTTCGAAAATTAATTTA	-0.16529964044675405
tagD	TAGTTCGTCCACATATGGAA	-0.24162873337540874
tagF	TTTATTTGTGTCAACTGCTA	-0.11213950368264652
tagF	TTTATTAGTGTCAACTGCTA	-0.16313752584520072
tagG	ATTCATTTGATAATTAGACT	-0.08843908162330633
tagG	ACTCATTTGATGTTTAGACT	-0.16550443084388924
tagH	CTCCCGTTCATACACGTCAT	-0.12252239731843115
tagH	AAAAAACCATTATCCTTAGG	-0.17864131850979573
tagO	GTACGTTTAGATTGCTGGGC	-0.09206504705797898
tagO	TCATAACCCCAATCGTAAAA	-0.32095674911042477
thiU	ATATAAAGAGAAGCGAACCC	-0.030276939184797843
thiU	ATAAAAAGAGAAGCGAAAAC	-0.015904651632493168
tilS	CTGCAATAAGATTCGCTGAA	-0.11290782303188199
tilS	AGCCATTGAGTCCGAACCGC	-0.15662490997561054
tkt	TTCTTTTGACAGTGTGCGAA	-0.09237409709396792
tkt	CGGCTCTCATCGGCATCCCG	-0.3186653293621442
tmk	AGGGAAAACGACTGTTCTGC	-0.2592006726166313
tmk	GTCGTTTTCCCTGCACCTTT	-0.07246278774478511
tpiA	AGCTTTGTCTGCTGCTGGAG	-0.09955545799321826
tpiA	TTCCAGTTACCGGCGATTAT	-0.1690648494861198
treA	GTCGTATCGTTGAAGCTTTT	-0.08251460355275346
treA	ACCACAGCTGTTTTCCACCA	-0.08196665465257504
trmD	AGCACGCCTTCAAACAATTC	-0.10030374001805568
trmD	CTGCACCGCATCTTTTTTCT	-0.1735742044427471
trmU	ACGACGACTCTTGTATCCTA	-0.08639692607844111
trmU	CACAGATGAGTCTCCTCCGC	-0.18345170902132923
trpS	CCGAGCGTCACTGAGCAGCT	-0.09654791732543372
trpS	CTAAGCTCAAGCCGGTCGTG	-0.17743094459761655
trxA	ATTTTACAAGGTCCACACCA	-0.097694851071825
trxA	CGTTTTTTCCGTCAGTTTCT	-0.1631917546722654
trxB	GTATTGGCCATTAGTCCGCC	-0.12056560739481445
trxB	CAGCGGCCGTCATCCTAGCA	-0.15758405353529525
tsf	TAGAACCTTCTGCTTCGATA	-0.10874671134277113
tsf	CAATTCCTTCTTCTCTTAAA	-0.16132466122134784
tuaB	TTGTATGATTATAATACAGA	-0.026107671097549214
tuaB	ATGATTTGTTTTATAATACT	-0.01771369822922748
tufA	TATTGGCATGTGATTTCGAA	-0.0882247307621233
tufA	CAGTTAAATTTGTTTTACCA	-0.14960373426601425
tyrS	TTGCTGAACCAATCCGCGGA	-0.13341993386389164
tyrS	GGTCAAAGCCTGCGTACAAG	-0.1683584921873095
ugtP	CAAAATTAATACTCTTTTTT	-0.09638745286532206
ugtP	CAAAATTCATACACTTTTAT	-0.1696026701488209
uppS	ATGATAATAGTGATGTGTTC	-0.23902560267261283
uppS	ATGATAATGGCGATGTTTTC	-0.07018788978051972
valS	CTTTTAGCCAAACATCATAT	-0.0919871263232513
valS	AAAAAGACCGATATGATTTT	-0.15549568857795265
walK	ATACACACCAATGCTTTGCA	-0.08599934295842206
walK	ATACACACCAATGAATTGCA	-0.117086866378411
walR	GTTTTTCATCAGCTACTACA	-0.09071995477323978
walR	AATTCCAATAGATCTGCAAT	-0.13269544691818003
yaaK	TGAAGCATATCAATATCCTC	-0.12266238265058554
yaaK	TAACATCCAGGAGTTCTTTT	-0.18678525541807178
yabP	CAGAAATATCTAAATACTGC	-0.025233852916761498
yabP	CAGAAATATCTAAATGTTTC	-0.02205562657898949
yabT	TGCCAAATCCACAATTCCAT	-0.027911600283015033
yabT	TGCCAAATACAAAATTCCAC	-0.012058903107618514
ydeB	TAAGAATTCCTTTTCTTCTA	-0.014711708378617773
ydeB	TAAGAATTCTTTTTCTTCTA	-0.014687597904367085
ydiB	TCTAATGTGAGGACATCTCC	-0.146944126070968
ydiB	CGCAAACGCTGCCGTCAGCC	-0.18498906634106402
ydiC	ACAATTATAGAAAGGTCCAG	-0.11811225947786665
ydiC	CAGGCATCGATCTTACTGAG	-0.16595858337582606
ydiO	AAATCTTGCGTGCTATGGAC	-0.20865956771999378
ydiO	CTGATCTACGGATTATCATT	-0.22027392825230388
ydiP	TTGTATGTCCTGACTGAGGA	-0.20983980121004617
ydiP	TTGTATGTCCCGACTGATGA	-0.057432492592520444
ydzL	AATTTTTAATTGTTAAGGGA	-0.02704598576320251
ydzL	CATCTTCAATTGTTAAGGGA	-0.022743586818385883
yezG	TATATTTTGGTCCATTCACC	-0.023611973312450588
yezG	TATAAATTTGTCCATTCACC	-0.016272289258998828
yfhI	ATATAATTAATTTTACAGAT	-0.0632618731113662
yfhI	ATGATTTGTACATTTTCAAT	-0.04285390253475299
yfhS	ATGCCTTATTTGAACGAAGA	-0.10131961173156154
yfhS	TGATATGAGCGAATTGAACA	-0.1592884586580898
yflE	AAAACATTTATAAAAGAAAG	-0.1866692490552872
yflE	CATACGTTTTGGTCCATAAC	-0.07869628426789115
yhbE	TAAAAACGGTGCCATTCATC	-0.03768487396811948
yhbE	TAAAATCTGTGCCATTCATC	-0.02773448912632143
yhdK	GGCCAAATCCAGCAACAGCA	-0.13192733655461994
yhdK	AGCCAAATTCAGCAACAGCA	-0.17586373048663673
yhdL	AAAATCGCTTTTTTTTTTCC	-0.057163794876511846
yhdL	GCCCAAATGCAGTCATTTCC	-0.029459465294599394
yjcG	AGTTCTTGGCGCTTTTTTGA	-0.09555769648638375
yjcG	AGGTTTTGGAGCTTTTTTGA	-0.1760497139519087
yjdB	TATAATTTACCTCTAAAAGT	-0.06784005914938923
yjdB	GATTTCTGCGTTAGCTCTGT	-0.011126994441338323
ykvA	GCGGAAAAGCGATTTTAAAG	-0.07371371249479576
ykvA	GTGTTTTAACCTGTGAACGC	-0.024069540958994023
ykvY	TTCTTTTGTATGAATAAAAG	-0.02942158763943587
ykvY	TTCTTTCGAATGAATAAATG	-0.01848431870266154
ykvZ	TGGATAATTGTATATGACTC	-0.017134601873654648
ykvZ	CGGATGATTGTTAATGACTC	-0.015468774486926306
ylaH	ATAGAACGGCGAAGAACGAC	-0.030112667247381493
ylaH	ACATGCCTGCCGCAGGCTGC	-0.029349414511692196
ylaN	TTAAGTTATCCATTTGGACT	-0.08552075617844926
ylaN	TTTTCATATAGAGGACAGTG	-0.17621717973133635
ylbQ	ATCGGCGCATAAAAGAGCAA	-0.09363353522616148
ylbQ	ATAGGCGCTTAAAAGACCAA	-0.16908781154686656
ylqG	TTATTTTTAATGTTTCCTGC	-0.06063667150294844
ylqG	TTACTTTTGATGTTTCCTGA	-0.020757322133917164
ylxL	CTGCAGCGAGCATCGTATAC	-0.05529845207488063
ylxL	ATGCAGCGAGCATCGTATAC	-0.044630358538089956
ymdA	AATGATAACCATCATAATTG	-0.086789641341075
ymdA	GAGTAGAACCATCATAATTG	-0.2100718918146446
yneF	TAATAAGCGGATTCTTTGTC	-0.09998876039315793
yneF	TAATAGGCGGATTCATTTTC	-0.18555935111000663
ynzI	AAGAAATACAAAGAAATTAT	-0.09089096838194156
ynzI	GAAAAACATCAAAATGATAG	-0.1353077605915484
yorT	TGAGTCAAAAATTCATCACA	-0.005693427611524257
yorT	TGAGTCAACTATTCATCGCA	-0.005559089922385609
yozB	TAATCGGAACTGTCAGCGTA	-0.09798122934469501
yozB	TAATCAGAACTGTCAGCGTA	-0.10232965274569462
ypdP	TGCGAGCCATACCGCTTTTC	-0.12587744287847452
ypdP	GCAAAATGGGACTGTTTGTT	-0.03505440000681389
yqaD	AAAAAATGATAAGAAGACAG	-0.08985495841581885
yqaD	AAAAAATGATAAGAAGAAAG	-0.047707266998024425
yqaE	TCTGCACTTTTTCAAGTTCT	-0.09151769470693022
yqaE	GCCTACACCGCCTATGAACT	-0.16115960412864083
yqaM	CTGTTTTGTTCGCAAAAAGC	-0.10748174587063167
yqaM	CTGTTTTGTACCCAAAAAGC	-0.17256092106475768
yqcF	TCCCAATATTTCGTAATCTT	-0.1272138918210685
yqcF	ACGTCATACCTTCCTGAGTC	-0.14980948874324082
yqeG	ATATTTTTTACAAACACGTC	-0.0865548923265781
yqeG	TTTTGTGCCTTTAATTTCTC	-0.19096869859894028
yqeH	AACCTGTTTTGTCCTCTGTT	-0.10596608882418372
yqeH	TCTTTCGTAAGCAATGCAGG	-0.1571733086579163
yqhY	AACTTCCGATGCTGCAGTGC	-0.09201032651368625
yqhY	GCAATGACCTCAATGACCAC	-0.15552655439316543
yqzC	ATAATTGTTCACGTCTTGTT	-0.08823449858448916
yqzC	ATAGTTGTTCACGTCTTGTT	-0.08260070398352228
yqzD	CCTGTTCTTCATCTTTCATC	-0.08622915396908845
yqzD	GCTTTGATTTGGGAATGACA	-0.1488829691685851
yrdR	AAAAAAGGTCAATTATTCAT	-0.16460575701773036
yrdR	TATTTTTCATTTATTCGCTA	-0.01668281080618932
ysxB	CATGTTCAGCTAAATTCGCA	-0.0854814097680202
ysxB	AATCACAACGACTGTCACTC	-0.16208722671128814
ysxC	CTACCGGCCAATGCGAGTTC	-0.16404877784376215
ysxC	CGGAACAGTACCCTGAAGGG	-0.17717974344695644
ytcD	GTTTTTTTCCGTGTGTCAGG	-0.08256404383699946
ytcD	GTTTTTTTCCGTGCGGCAGG	-0.08003148266348256
yufL	ACAAACAAATATGGTGAGTA	-0.01725653060099115
yufL	CTCATTACGTTTTTTACAGT	-0.010247080242271797
yumC	AAAGCGGTGAATAAGTCGAC	-0.11573655992441187
yumC	AAAGCGGTGAGTAAGTCGAC	-0.14432233326307406
yvmB	TGTTTTGTCAAATCACACAT	-0.013448817758051044
yvmB	CATGAACCCATTAATAATGC	-0.013081509174810591
yvrH	CAATGTGCAGGCTGCAAAAC	-0.10174644328588994
yvrH	CAATGTGCAGGCTTCTAAAC	-0.17047371522064605
yvzI	ATTTTTTGAAGCAAGTTTCC	-0.10862886803671812
yvzI	CTTGTTTGAAGCAAATTTCC	-0.06747796618581854
ywfI	ATCACTGGACAGAAGTTTCC	-0.08762950341603139
ywfI	AGGAAGACTAATCCATTGTG	-0.15059497782621753
ywfL	TGGTCAATGACTCTCCAATT	-0.08548425600804622
ywfL	GTATCAGTAAATCAATCGGT	-0.14887882196143923
ywlC	CTCATTTTCTCGGAGGAAAG	-0.09540382437844554
ywlC	CTCATTTTCTGGGAGCAAAG	-0.15958580360052801
ywlF	GCCGCCATGATCCGATGCCA	-0.22682788202236637
ywlF	GCCACCGGAAAAGCCTAATC	-0.30765492221943347
yxaD	TCATATTCAATCAATTCAAC	-0.020048483381673105
yxaD	TCATATTCAATTAATTCATC	-0.014836411350248256
yxlC	TTGACTCGGTATAGAGGGAT	-0.13718000301688005
yxlC	TTTATTGGGTATAGAGGGAT	-0.15733047451830984
yxlD	ATCCCCCTTTCCTTCCGATC	-0.03667618190431159
yxlD	GAATAACAAATCAGGGGCAT	-0.029811811540267012
yxxD	TAAAAATTCACTGATTCACT	-0.08972401956122923
yxxD	CGAAAATTCACTAATTCACT	-0.16809274666252488
yxxG	TATACAATCATCCTTTATTT	-0.09437278394694966
yxxG	TCGAACTCTTGATACCGTCT	-0.19202216941531175
yyaN	CTGTTTTTTCGTTTTGGAGG	-0.10547265607246407
yyaN	CTGTTTTTTCGTTTTGGCGG	-0.07557119735864957
