CONTROL	GTTTATTGGGGCACCCATGT	-0.08276212001970525
CONTROL	AAAATATAAGCCCGCAAATA	-0.14614945633043247
accA	TTGGTTTGCAGCCCAATCAC	-0.08352122522528461
accA	TTGGTTTGCAGTTCAATAAC	-0.13906092944763512
accB	AAACTGAAAAAACACGAAGC	-0.09400286785518842
accB	TTCGTGTTTATTCAGTTTTA	-0.1519325729798996
accC	GAAAGCAATCTCTCCTCTGT	-0.10151406772491313
accC	AAGCTATTGATCGCCAACAG	-0.15611354042004924
accD	ACAGCGTATCGAAAGCTTGA	-0.09542869162893353
accD	CATTTTGTCATAGTGCCTTC	-0.19555241589547553
ackA	TTGGTTTAAACGGTTTCTGA	-0.0885438508273516
ackA	TTCGTTATAACGGTTTCTGA	-0.18595537891102212
acpA	CGTCTGCTGCATCAACGCCG	-0.08498747080380016
acpA	AACTAGCTCAACTACACCTA	-0.17151683782389252
acpS	AGAGGCGATCTGGTTAAGCT	-0.08634612573364706
acpS	TCCGCTCGGCAAACCTTCTC	-0.1585182810280693
adk	TGTGTGGCTTTAACGGCACC	-0.12476330867219583
adk	ATATCTACTGCTGAGATATG	-0.30755239916509114
ahrC	CTCTGACTTTAATATGCCTC	-0.08617540537307646
ahrC	CTCTGGTTTTAATATGCCTC	-0.1445841893302082
alaS	CTGTAGATCCAGAGCAGTGA	-0.11954939977388353
alaS	CTGTTGATCCAAAGCAATGA	-0.15670177080544173
alrA	GCTGACGTTTTCCTTTATCA	-0.0911147539790827
alrA	GCTGACATTTTCCTTTATGG	-0.1921719401422139
ansB	CTTCAATTTGTTTATCCCCA	-0.038632433317495725
ansB	CTTCTTTTTGTTTTTCCCCA	-0.018192243976077167
argS	CTAAAACAACATTGGCAATC	-0.26776040891657554
argS	AGCCAGTCCCGCTTCCAGAA	-0.28675282215596815
aroA	GTTCTCTGACAGGGTCAACT	-0.03844064678687557
aroA	GTTCTCTGAGAGGGTCAAAT	-0.03842640092818586
aroB	GAAAAAAACAGGATATGACG	-0.08145224556279021
aroB	GATAAAAACAGGATTTGACG	-0.06543968043171115
aroC	TCTCGGCATCCGTTCCCCGA	-0.0648421657468805
aroC	TTTCGGCACCCGTTCCCCGA	-0.026233513790148585
aroD	AATGATACGTTATGGATATC	-0.08662238033758612
aroD	GGTGACATAGAATGGCCAAT	-0.1657189904754207
aroE	AGTATGTATTTCCCCATGTA	-0.08661016741687554
aroE	TGAGAAATGGATTTATCACC	-0.09550571904301404
aroF	TTGGGGGCCGGGTGATTCTC	-0.08525412302162622
aroF	GGCATGTACACCCTCAAAAA	-0.1622276553702046
aroK	TATTGACCAGCAGATCGAAA	-0.0876058460660138
aroK	CTACACCCATGAATCCGATC	-0.04469220985845584
asd	TTTACCACTTCAAAGCTCTC	-0.09828152148461643
asd	TTTACCCCTTCCAAGCTCTC	-0.1606572663917
aspS	GATATAACTGAAAAAGCAAT	-0.08410783942425158
aspS	CAATAAAAATCCATCCGCCG	-0.17012750595843448
atpA	GTGCACTACCGTCACCGACT	-0.08519621083553353
atpA	GTGCAATACCGTCGCCGACT	-0.1202852180379523
atpB	AGTTCTGGTCTTTTCCGGGA	-0.08270505864449763
atpB	AGTACTGGGCTTTTCCGGGA	-0.10971022901193087
atpC	GCATCGTATACTTGGCCGTC	-0.08467456018018102
atpC	GCATCGGTTACTGGGCCGTC	-0.1291243251859408
atpD	CGACGACCGGTCCTCATACC	-0.08253137370848765
atpD	CGACGACCGGTCCAAATACC	-0.11663283751644886
atpE	AACGACAGCGAGAATAGGAA	-0.08423109749933934
atpE	AACGACAGTGATAATAGGAA	-0.15640022647420032
atpF	ATATAGCTAACGGTTGGAAC	-0.08327070738702393
atpF	ACATAGCTAACTGTTGGAAC	-0.1055348346149111
atpG	AGCCGCAGAGACCATCTGCA	-0.08681208515257512
atpG	AGCCGCAGATACCACCTGCA	-0.1264832332188522
atpH	ATTCAGCTGAGCGGACTGAT	-0.08303444494504936
atpH	ATTCAGCTGGGCGGACTCAT	-0.11127509389318947
birA	GCCGGAAATAAATCCATTGC	-0.08976072308116935
birA	CCTGAGAAAATAATTCAATG	-0.15723407030213737
cca	CCCCGACAACATAAGCCTGA	-0.08689272345613235
cca	TCGATTAAGATGCGGAGCTC	-0.15553167727291053
cdsA	GCATAAGTTAACATGGTGAA	-0.26883887264668144
cdsA	AATAAAATACCGATCAAACT	-0.06470354323130328
citB	AAAAGAACTTTGATGCAATC	-0.0213116208539143
citB	TAGTAAATGTGTTTCTCGCT	-0.018037011504967046
clpP	TTCGTTTGTGCAATGACTGT	-0.09111461707981063
clpP	TTCGTTTGTTCAGTGACTGT	-0.1783783382566585
cmk	CTCATTCACAATTTTGGCAA	-0.08431934461049823
cmk	TGCTTTTCCCCGCCGCTGCC	-0.13709264530645232
coaBC	CGGTGAAACGTATCGGCAAG	-0.1200770830829712
coaBC	CGGTGAAACGAATCGGCTAG	-0.17105520007507943
coaD	GTCACAGGATCAAAACAGCC	-0.09022410708383125
coaD	GTCAAAGGATCAAAACTGCC	-0.17804404788219896
coaE	TCCCGGTAGACCAATGACTA	-0.0877280273170476
coaE	TCCCGTTAAACCAATGACTA	-0.11378785670302778
cpgA	AACGTAATCACAGACAAGAG	-0.08720491399398801
cpgA	GCCTTAATAGTTTTGCCCTC	-0.14712944868541153
cshA	AGTATCGTTTGTGACTGAAT	-0.09468548963087788
cshA	TCTTTATTTGAAAGTCTGAG	-0.15955086176365865
cshB	TGTACTGCGTCTATAATAAA	-0.08351781304602499
cshB	TGTACTGAATCTATAATAAA	-0.11293151277987476
ctaA	CTGTCTGCCTCATCCTTGGC	-0.08494392139821877
ctaA	GGAACCTGGTTTTGTGACGA	-0.16896553119190563
ctaB	GACGATCGCTATTTTAATAA	-0.08306980425149993
ctaB	AGCTGTATCAGTTAAGATTC	-0.13338233524400303
cysK	ACTCCCAATTAATTCAGTAA	-0.05512637296088669
cysK	ATTCCCAATTAACTCAGTAA	-0.045766690995512484
cysS	TAATACATTGACTAGACAGA	-0.09053936179372044
cysS	TTCATTTTTCCCTCTTCAAG	-0.2676321697814604
dacA	TTTGATATCAATTGAATCGC	-0.011379714796808328
dacA	ATTGATATCAATTGGATCTC	-0.009446570650790893
dacF	TCTTTTTTTGCAAATCCAGA	-0.01753356997787448
dacF	TCTTGTATTGCAAATGCAGA	-0.01695074024286455
dagK	AAGATCTCCCGTCCCGAAGT	-0.08899905494970518
dagK	TTCTAATTTTTGCAGGACCT	-0.17134804870907427
dapA	TTTTCTTCAGTTGAAGGGGT	-0.15296446634720637
dapA	TTTTCTTCAGTTGAGAGGGT	-0.16152744217401527
dapB	GCCTGCCCCATTCTTCCAGG	-0.1591436549794455
dapB	CGGGACCGCGTGGAAGAATG	-0.1631758414292828
dapF	ATCTCTGACAGTTTATCTTC	-0.13685191449562537
dapF	GTTGCCCAGGCCGTGCATGT	-0.15757098644033435
dapG	TATGCCCTAAAGCCAGGCTG	-0.18312554860469396
dapG	TTGCATATGGGTCACCTTTT	-0.2068883722995286
dapH	CCTTTCACGTAAACCTTGCC	-0.08351050572691357
dapH	GGCTTTCTTCGATTGCTGTT	-0.15856058842571608
dapL	GACATTTAATAAATCCTGCT	-0.08500511313512552
dapL	GACATTCAATAAATACTGGT	-0.24702900036465322
ddl	ACTTTTTCTGTTATATCAAT	-0.20052727199520745
ddl	TACAGCCAGAGCTGTATGCC	-0.053199980363008874
degR	TTTCTATAAATGTATTGTGA	-0.023903923350514337
degR	TTTTCCTTTTGTCGCGATAT	-0.01665666212646002
dfrA	TTAAAGTATGCAACATCATT	-0.08330051433818214
dfrA	CCGATCACAAACCATTCTTC	-0.16324744298816893
divIB	TTTAGTCTCGGTCTTGACCC	-0.08534311753961893
divIB	TGTTTTCTCGGTCTTGACCC	-0.11670778791267676
divIC	TTCAGTTATGGTTCGTTCCC	-0.11084979040886621
divIC	AATTGCCGTCGGGAATATTA	-0.26179146210799276
dnaA	GAGCAAGGGCTTGGTTCCAA	-0.09476594534408239
dnaA	TTGATCCAAGTGTCAAAACT	-0.1862756999589609
dnaB	CAACTGTACCAGCCCTTAAT	-0.16316053441517664
dnaB	TTAACCACATACGGGTCTAG	-0.2050637736058585
dnaC	GAGGAAGCCGGTAATTCAGA	-0.16579608605049825
dnaC	CAGGAAGCCGGTCATTTAGA	-0.3240204761237253
dnaD	CGTGAGCAGAAGACTGAGGA	-0.0861944049832255
dnaD	TCCTGCAGCGGATTCGGTGT	-0.17911597395008405
dnaE	TAGCCTGCTAAACAGCGCCG	-0.13077292243999722
dnaE	TATACCCGCTATGCACTTGG	-0.16632355990497488
dnaG	ACCTGATCCACAATTTCACC	-0.11956305548630605
dnaG	GCCAGAGTCCAAAGTAGTCT	-0.14531492006644603
dnaI	TTGTTTGAAATCCGGCCTGC	-0.10131706054535929
dnaI	TTTTTGGAAGTCCGGCCTGC	-0.20128493561899302
dnaN	AAACTGCTTTTAAAACATCT	-0.08281120602065016
dnaN	CAGAATGGGAAGCGTGGTTC	-0.1666057313733037
dnaX	ACCACGTCTTCAAAGCGCCG	-0.11239089918257773
dnaX	ACCACATCTTCAAAGCGCGG	-0.14379459718984594
dppA	TCGTTCATCATTCCGCTTGC	-0.020131525633614956
dppA	GCGTTCATAATTCCGCTTGA	-0.015161156000043858
dxr	AAAGACCTCAATCATTGCAA	-0.1723197219497558
dxr	ACATAGATACCAGCTTAAAT	-0.24762457987134207
dxs	TAATTTCTCTACTTCATCAA	-0.08688464110150215
dxs	ACATGTTTTTTGAAAACGAC	-0.1598741575431965
efp	CTTTTCCAGGTTTTACGTGC	-0.06323015339898672
efp	CTTCAATTGTTAATCCTGTA	-0.06271708401017516
engA	CTCACGACAATGGCTAAGAC	-0.10388711440938465
engA	CTCCCGACCATGGCTACTAC	-0.16736955038648768
eno	TTCAACTGTCGGGTTGCCGC	-0.08460069363323947
eno	GCATAAACATCAAAAATGTA	-0.1518292509146839
era	TACGTTTGGTCTGCCAGTAA	-0.0917204364534198
era	TCCTTGTTTCTCGTCGTTTG	-0.18547334984277916
fabD	TAAATTGTAATCCCTGACTC	-0.09000829452450729
fabD	TAAATTGAGATCCCTGAGCC	-0.17814485228957827
fabF	GTATCGACGTCGTTACCAAG	-0.10539674534969702
fabF	GTATCGACGTCGTAGCCAAG	-0.14917933832911992
fabG	GATTGAGCGGCCGATTCGGC	-0.10202680849178843
fabG	TCCGCTTTTTGCCAGATGAA	-0.14844994119964722
fabZ	AGCAAAAACGGACGACGGTG	-0.12097579363109141
fabZ	GTAAAAGAACTCTTCATCAG	-0.15613223468273335
fbaA	ATTTCCGTCATACAAACTAA	-0.10535199159627785
fbaA	AAATCGCTTGAGTAAACACA	-0.20705764751609215
ffh	AATCGTCTGCTGCAGTCAGT	-0.11254114232520857
ffh	CGCTGACTTTCCCTTTTCCA	-0.1593192844495779
flgM	GAAATTTCAATTTTATTTTG	-0.08252870299553548
flgM	GAAATTTCAATTTTTTCTTA	-0.1766188341604648
fmt	AAAACAGGAACTGCAAAATC	-0.08489291986109453
fmt	TTCATATCCGTCCTATATCA	-0.16349324156339554
folB	TTAAATCGACTTTAAGCCGC	-0.08291273522931189
folB	TTCTACATAACCTTTATCCA	-0.1753812663123307
folC	TTTTTCATTCGACCAAGTCC	-0.10005447002633178
folC	AACTCTCGGATTTTTTTTTC	-0.14643544436529865
folD	CGCACGTAAGACTGAGAAGC	-0.1016778689829765
folD	CGCACGTAAGTGTGAGAGGC	-0.15705252737512138
folEA	TACATCTTTGCGACTCTTTG	-0.0859033660989135
folEA	TCAAGAAGCCCTTCTATATT	-0.16389816774343893
folK	CTTGATCTTCGTATCCGACA	-0.08885122489155037
folK	CTTGATCTTCGTATCCGACG	-0.16095787268503006
frr	CTAAAAATGATGGATTTGTA	-0.08773738436661602
frr	ATAGAAGACAACTGATGTAA	-0.16196810358879354
ftsA	TCCGACGATCACTTCTGTAT	-0.0834936062496003
ftsA	TCCGACGGTCACTTTTGTCT	-0.08952935195155656
ftsE	CACAAACTCGCCGGGACGAA	-0.09576492561512803
ftsE	TGCCTTTGCGCCGTTCGGAT	-0.16540751823552735
ftsL	GCCGCTGCTGTTTCTCTCGT	-0.1009246209644181
ftsL	GACGCTGCTGTTTCTCTTGT	-0.16950715760314536
ftsW	TGATGGGCCAGCGCTTTAGA	-0.1546887617940947
ftsW	TGATGGGGCTGTGCTTTATA	-0.1645610363653829
ftsX	TGTAACGGTGACAGCACTAA	-0.08453644273245924
ftsX	CGTAGCGGTTACAGCACTAA	-0.13931714753032734
ftsY	AGGAGTTTCTTGTTTTTGCA	-0.09526319148793577
ftsY	AGCAGTTTCTTGTTTTTTCA	-0.11402620567204848
ftsZ	ATTTTCAATCATTCGGCTAA	-0.17304609875189325
ftsZ	GAGTTCGAAACAAACATAGA	-0.20014905870339217
fumC	GCCCCCCAAAATTTATCAGC	-0.022739925540919734
fumC	GCGCCCCAAAATTTATCAGC	-0.019122256289833477
fusA	AAGGAGAACTCGCTTGCCAT	-0.14776242603042047
fusA	TTTTGTAGTAGTCGTTTTCC	-0.1622055583633698
gapA	GTACAGAATAATATTGTAAA	-0.08648385961575016
gapA	CAGGACTGTTTAATGCTGCG	-0.16281350607001274
gapB	CTTTTTTTCCATTTACGATC	-0.04002160072439073
gapB	TGCGGAACAGCTGGCGTTAA	-0.01493642382777281
gatA	GTACTTTATCAACAACCGCT	-0.11820200515548604
gatA	TTCTTCATCTAAAGCCAAAA	-0.23462556066388038
gatB	GGCTCCGCGCCGAATCGCGT	-0.10032019787370826
gatB	GCCTCCGCGCCGAATGGAGT	-0.15500421443219778
gatC	CAGTAATCGCAAATCTTGCA	-0.09026191612263007
gatC	TGAGGTTAACACAGACAATG	-0.16342772707904685
gcaD	GCTTACCGCAAACTGGATGC	-0.1904709371142435
gcaD	GCCTATGGTAGAGCACGTCG	-0.21503015813914175
gcp	GCTGCAGCTATTGTGAAAAA	-0.13483992783685103
gcp	TGATGTCTTGAAACAATTTC	-0.1713911633885154
ggaB	TACAAATCATCATTATAAAT	-0.021912254163043855
ggaB	TATTCTCAACACCAATAGTT	-0.016420407090103777
glmM	CTCAGGTGTACGCTCACTCT	-0.11332596532063353
glmM	GCCGAAACGTCCGTCTTTAA	-0.15172686422851764
glmS	CACATGGATTCCCGGTTCGT	-0.10570787206009165
glmS	CACGTGAATTCCCTGTTCGT	-0.23319452232123214
glnA	GCTTTTCCCAGCTGGGTTAC	-0.09743604798056898
glnA	GCTTTTTCAAGCTGACTTAC	-0.17086298540756048
glpD	TGCCTCCTCCGATAATAAAT	-0.08620169597782319
glpD	TTCCTCCTCTGATAATAAAT	-0.14098074121417223
gltX	CGGTTGGACTGGGTGTATAA	-0.1446236508604807
gltX	ATTTCCAACATGCAAATGTT	-0.17216411172680035
glyQ	TGTATACGGGCTCATCGTGT	-0.08926787608317203
glyQ	ACTAGACCAATGCTTTGGCA	-0.16527849397881217
glyS	CTTTCATTCAAGAAGCGCGC	-0.23011864791395706
glyS	ACGAACACAGCAAGACGTTT	-0.279382886661469
gmk	GCCCTCTTTTGGACTTCTTC	-0.09122772403499152
gmk	GTTCCTGTACAAACTCCTGA	-0.14935436361798332
gpsA	TTTGATGAATTTAATCTGCA	-0.09539483303583404
gpsA	TTTGATTTATTAAATCTGCA	-0.1598464243965911
groEL	AGAACCAAGTTGCGTCCTTT	-0.08317975876201696
groEL	CGACACCGCGAAGCATTGCG	-0.14392934334952373
groES	ATGACAACTCGATCACCTAA	-0.0829198983366726
groES	ATCCGGCAACTCAATTCCGC	-0.16296997853485917
guaA	TATACTGACTGCCGAAAACA	-0.11063419418412075
guaA	GCTGCATCCACATACATTGA	-0.16532411330554778
gyrA	ATATTTTTTTCACGAACCTG	-0.08857114381224046
gyrA	TCATTTATTTCACGAACTTG	-0.16886344080750532
gyrB	GTCGGACCGATATACATCCA	-0.10416189776763066
gyrB	TTTCCCATACCACGTGGTGA	-0.1492885080586592
hag	TGTTAAGCGCTGCAATATAG	-0.08950751918202336
hag	TGTTAAGCTCTGCAATATTG	-0.0760533812270924
hbs	AGTTACCAAAAACGATCAGT	-0.08714221447684514
hbs	TCGAGTTCTTCACCTGTTTG	-0.16900219272239378
hemA	ATTGCTTCTGCCAGCTAATT	-0.08706575215444877
hemA	TTCACTTATCTCAATAGGGG	-0.15209388934757492
hemB	ATCGGATATATAGAATCTGA	-0.1101542022248467
hemB	ATCGGATATATGAAATCTGA	-0.15870548755278335
hemC	CATAGCGAGTTTGCTCCGCC	-0.08561261170003095
hemC	CGTAGCGCGTTTGCTCCGTC	-0.1519301125477544
hemD	AGCACTGTTTTTCCTTTTAA	-0.0881948383140838
hemD	GGCACTGTTTTTCCTTACAA	-0.16433437868265074
hemE	GCTTGCCTCATATACCCCAC	-0.08576616966284138
hemE	TCCTTCAGCCTGCGGTATTC	-0.16037191019761377
hemH	TTTTGAAGCATTTCAGGTTC	-0.08907019722916466
hemH	TCTTGAAGCATTTCAGGTTC	-0.13353409227832796
hemL	TTCCGCGCCCCATAAAAATC	-0.10123068808916588
hemL	TTCCGCGCTCCATAAAAATC	-0.1639858814640886
hemY	ATAGAAGGCGGCGGCTACAC	-0.0898197336016169
hemY	ATAGAAGGCGGCGGCTAAAC	-0.15363298941856296
hepS	GAAATATGCTTCACTAAATA	-0.09599831095835133
hepS	GAAATATGCTTCGCTATATA	-0.18743101136231258
hepT	ATCGTCATTTAACAAAGAGT	-0.09305529150211118
hepT	TCATTACAATCCGATATGCG	-0.1606354594031974
hisS	TAACATTCCGAGAGGAACAC	-0.1979493605559572
hisS	TGCCAGCGATTTGATTCTCT	-0.2649351087819456
holA	TTTCCGTATAAATAATAAAC	-0.11840707373748932
holA	GATCCACCTCTCCTTTTTTC	-0.1762332931888023
holB	AAGCTCGTTCTTTTCCTTCC	-0.09731871373389772
holB	AGGCTCGTTCATTTCCTTCC	-0.16398941237240916
hprK	TTTCAATACGTGGTCTTGAT	-0.08576110105989307
hprK	TTTCAGTACCTGGTCTTGAT	-0.14087432165183192
hprT	TTGATAAGATCCGCCATAAG	-0.09434581304418911
hprT	TTGATAAGATCCGCCATCAA	-0.16482589210115903
ileS	TGAATGTCACGCTCGCGGTT	-0.08275918819773503
ileS	CGCATCGGGAAATCTCTTTT	-0.16646448802840813
infA	ACTGTTTTGGCTCATGTATC	-0.17296626042767857
infA	TTCAAAGTTGAACTTGAAAA	-0.20253617041303892
infB	ACTGGCTTTTTCTTCAAGCA	-0.08994266683211452
infB	TAAATCCATCTTCTTCAGTG	-0.16043684969228067
infC	TTAAACGGACCTCAAGTGCA	-0.1297554391176658
infC	GACGGGACTAGATTCCAATC	-0.21185289127985166
iscS	CTCATCCATCGGAGAAGTTG	-0.10293331021715343
iscS	TCGAAACTGCCGGTGAAGTG	-0.17026886859222118
iscU	CTGATGCGGTCCCCGCATGT	-0.08460749763260675
iscU	TAACAACCCCTTTATTTCGC	-0.17655436947065886
ispA	CATTTTGAATTGTTTTTTTC	-0.0857005575777812
ispA	ATAGATTTATTTAATGAGTC	-0.1640212003224286
ispD	TTTACGTTTGTATGATCACC	-0.09005122016822836
ispD	CGCTTTCCCGGTCCGGCTGC	-0.1567089673849008
ispE	AGTGACATATTGATCTTTGC	-0.0863053915272524
ispE	ATAGCCATCCGGGCGTATTC	-0.1664385495186342
ispF	CAAGCAGCCCTTATTCGTAC	-0.1217040942353978
ispF	CAAGCAGCCCTGTTTCGTAC	-0.15786159777889086
ispG	GTTAAAGGTCCCACTTTGAG	-0.12969275263611643
ispG	TTTTTGTTGTGGTCATGCTT	-0.20194803478595172
ispH	TTTATCTAACGACGCATTTT	-0.09087679077104341
ispH	TTTATCTAGTGACGCATTTT	-0.16526371761455247
leuS	AACCCAGCTCCAGACGGGTA	-0.2387440554351027
leuS	TTTTTCATTATTATCAAGGT	-0.04224029974838715
ligA	GGAGCTGATCGCGATCGAGG	-0.09752296025939065
ligA	TGGGACGCTCTGTTCATCTA	-0.19634299652051185
lysS	CTTTTAAAACGTGCGCCGAA	-0.1681364993631054
lysS	CTTTCAAAATGTGCGCCGAA	-0.17302919282959817
med	TTCTCAATTTTTCCTTTAAA	-0.030811341922755295
med	TACACAATTTTTCCTTTGAA	-0.019359859481980934
menA	GACGACGGGTTAACTGCCAA	-0.08300473750196641
menA	TGCCCCATGCATTCTTTTTG	-0.16393477856504723
menB	ACGTATTATGTTCCTCAGGT	-0.10129727545279081
menB	AATAACAATCAACCGACCTG	-0.16286364401624642
menC	GTTTCGATACTGTTTTTAAA	-0.12544165343553285
menC	GTTTCGATACTGCTTTTAAA	-0.15339108650853076
menD	TTCCGATGTAATGAATAATC	-0.09215199022767413
menD	TGCCGAAGTAATGAGTAATC	-0.16793377316666927
menE	GCCCGGTGCATGAGCCAGCT	-0.08562200159763839
menE	TAGATGAGAGCAATTCTCTC	-0.16282007401231138
metK	CACAAGCAACACGCGCGCTA	-0.10339965228835085
metK	ATCTGGTCACAGATGTTATC	-0.1496150158328143
metS	TTTCCGCTCGTATAATAAAT	-0.08254779195833448
metS	TATAATGTATTGTTTTCTTA	-0.15299410831535548
mgtE	TAGGTCATGTTTTGAACCAT	-0.25824039662352577
mgtE	TAGGTCATGTTTGGAACCAT	-0.0665178985818356
mnaA	TTCAGGCCTGGTCCCAAAAA	-0.11063804546515482
mnaA	TTAAGGCCTGGTCTCGAAAA	-0.2367245558358161
mraY	CTTCAAAACGGAATAAGAAA	-0.11419357619384642
mraY	CTTAAAAACGAAATAAGAAT	-0.13613939593641308
mreB	GTCTACAAAGTGACAACTGA	-0.05567391561448536
mreB	AATACGCTTGTTTTTGTAAA	-0.035805119052939045
mreC	TATGATTGGATTTTCGCTGA	-0.32977855275716084
mreC	TCTCAGGCCAAGTGGTATTA	-0.04263589091434656
mreD	GCATCAGAACGAAAGGAAGA	-0.08431175125558363
mreD	GGAAAGCATTTTTACAGATT	-0.1972428798979742
mrpA	ATATAAACAGCGAGACGGGC	-0.0851248246879187
mrpA	ATATAAACAGCAAGACGGGC	-0.16816133051647997
mrpB	CCGCCGACAACGCCTCCTCG	-0.13617214028877733
mrpB	AAAGGATATAAGCTGTGTCG	-0.15878708208891323
mrpC	AACTGCCATAAAAATAATAC	-0.08400184630018367
mrpC	AGCAGCCATAAGAATAATAC	-0.15734139520007223
mrpD	GCCGCTAAGCACAATCCCGA	-0.08741657267142947
mrpD	GACAAAAGCGGGATCTGGAT	-0.181414180863972
mrpE	ACTGGTGAGTGAAAAAGCGC	-0.11350692164179248
mrpE	ACTGGCGAGTGAAAGAGCGC	-0.16679977402307447
mrpF	GACACGAATGACATACAAAA	-0.03847192657882843
mrpF	GACACGATGGACATACAAAA	-0.036421038085943463
mrpG	TCCAGCCACAACGACCTTAG	-0.03768521025026371
mrpG	TACAGCCACAACGACCTTAG	-0.03733433195296085
murAA	TAAATCCTGATCAATCGGGC	-0.08311353573860387
murAA	ACATTTTAGCGCCTTGCAGT	-0.16621315085117844
murB	CGGCGGACCTGCGGATGTAT	-0.18330296904262486
murB	ATCGTTGTATGATTCCCGAG	-0.0810112753297135
murC	ATTTTTCAAAATCCGATCCT	-0.1948968042426919
murC	ATTTTTCGATATGCGATCCT	-0.29081168231319826
murD	GACTTTTTCACGAAGAATGG	-0.1008239088617566
murD	GCATTTTTCATTAAGAATGG	-0.1461645738568046
murE	TCTCAATTGAATTTATTTTA	-0.02708714494387888
murE	TCTCAATTGAAGTTTTTACA	-0.017341504396233113
murF	ATGACTGTTTGTTCATATTT	-0.25265608976327364
murF	ATGACTGTTTGGTCATATTG	-0.051675998712051543
murG	TTATATAAAAATCCCACATT	-0.22414629440790299
murG	ATATTTATAAATTCCACATT	-0.3200679475999436
nadD	GAAATTCATCAAGCCCCGCC	-0.0829396803970835
nadD	AAATTTCATGAAGCCCCGCC	-0.17016372884073067
nadE	TCTTGCTTTGGATCAATTGC	-0.10266665882772238
nadE	TCTTGCTTTGGATCAATTGA	-0.1737458354000476
ndh	CCGTAATGATTAGGTGAGTT	-0.09941326044682545
ndh	CCGTAATGATTTGGTCAGTT	-0.16251020640669334
ndhF	TTCAGTAAGGAAACCAAGAG	-0.05079373505680029
ndhF	ATCAGTAAAAAAACCAAAAG	-0.02312206740402966
nrdE	ACTGGAATTTCCAATCTTTT	-0.08818971652030029
nrdE	TTATTTAACTAGATCCATTT	-0.12787083289414142
nrdF	TATTAGAGTATGACTTCGCA	-0.10023946029009093
nrdF	TCCGCACCGCTTTCCGTTGG	-0.16520398409942327
nrdI	ATACAAACGGAGTGCCCACG	-0.12333662585247351
nrdI	CTGGCCGAAGTTTGTAGTGT	-0.17515696425623206
nrdR	GTACGGTTATGCTGGCATGA	-0.13636974878765204
nrdR	GTTCCGTTATGCCGGCATGA	-0.1810456254717693
nusA	CAATTGAGGTTACTAATCTC	-0.1140252503351492
nusA	CAATTGGGATTTCTAAGCTC	-0.19020656274246656
obg	TTCCTCCGGCACCGCCGGCA	-0.10160149846677517
obg	CGGCGACGGCGGCAACGGTA	-0.17689663151430948
odhA	TCCAGCGCATTGCCGAGGTT	-0.2731957907737937
odhA	GATTTTTACGGTCCGAACCT	-0.0693689089133173
panB	TATGCGGTCAGCATGTCAAT	-0.08441028528258997
panB	TAAGCGGTCACCATGACAAT	-0.14415634457841836
panC	CTCTGAATTGTATTGTTTTA	-0.09346275354725157
panC	TCATGCAGAAACCCAATCGT	-0.18677367294241318
panD	TAATGCTTCCCACATAGTCC	-0.1090141023037655
panD	ACAATTTGTACTTTTTCACT	-0.15379702356721647
parC	AGTAAATCATGAGATAATTC	-0.1130205226809483
parC	GGTAAATCATGAAATAATGC	-0.174026628457684
parE	AAGGACTTCGAGCACCTTTA	-0.09467705465112397
parE	ATATTGGCTCTACTGACGCG	-0.1816650852734212
patA	ATTTCGATCTCTCTTGCGTT	-0.09149342070527756
patA	ATTTCGATCTCTCTTGCATT	-0.1461104300821176
pbpA	AATAAAATATTCAGCCGGAT	-0.04550554184115989
pbpA	TCTTTATGATTTTGCTTTTT	-0.034329215196459636
pbpB	GAATATATGCCATTCTCACC	-0.12401614162065609
pbpB	GAATATATGCCGTTCTCCCT	-0.1402273928918887
pcrA	TGACTGCTTCCTACTGAACG	-0.08529907020739994
pcrA	GCTTCAGCCATCAGCAAAAG	-0.1322845969148752
pdhA	CTCCGTTTTCATTTAAAATT	-0.09903049483250476
pdhA	CGTTTCGAACGGCTTTTTAA	-0.16628287411822773
pdhB	AATCATTGTCATTTGGGCCA	-0.1328138105256818
pdhB	AATCATTGTCATTTACGCCA	-0.16456300805958077
pdhC	GGGATACCTTCCCCGATATT	-0.08894833173085168
pdhC	TGGATACCTTCCCCGACTTC	-0.15333942261272265
perR	TTGAGGAGTAATACGAACTC	-0.10440536444693033
perR	TTGAGGAGTAAAGCGAACTC	-0.17777622686796424
pfkA	AACTGCTACGTTCATTCGCG	-0.08374294496287774
pfkA	CCTTCAACTGTCTTGAATTC	-0.1901713317594694
pgcA	TTTATAGAAACATTCCTCAA	-0.011541327710871453
pgcA	TTTATAGAAACAGTCATCAA	-0.007500431010698718
pgk	TGATTGTTGTAAGCGCAGCA	-0.11571023561800899
pgk	TGATTGTTGGAAGCGCAGCG	-0.23593696924984853
pgm	TTTCAATAGGGGTCAAAATT	-0.12400868108347247
pgm	TACCAATAGCGGCCAAAATT	-0.2256194988762142
pgsA	GCATGATAATCATAAAGATT	-0.2601953494631278
pgsA	GCATGATAATCATGAAGACT	-0.283605962426465
pheS	TTCGCGAGCGCCCCCATATT	-0.1529544452919246
pheS	CCGCGCAGAACTTCTGTAAA	-0.15608534151316983
pheT	AATTCCTTCAACCTCAATAT	-0.11290832669105016
pheT	TTTTTTCAGTAAGAACAGCC	-0.1753938374894735
plsC	TGTAATCACATCACCCCAGC	-0.08262596683470338
plsC	TGTAATCACATCATCCCAGC	-0.11740716244152913
plsX	CAATAACAGCTTTGGTAGCG	-0.12432788445039032
plsX	TGTCACCGACAAGTGTGATC	-0.05675712838789689
plsY	TGGAATGCTGCCTATCAAGC	-0.08546077377872277
plsY	TTGCCCATAATTAAGCCAGA	-0.2085031936197901
pncB	AAAGGTCTATATGTAATGTC	-0.08591029268120523
pncB	ACGGCATAGCCTTTTTCAAA	-0.12718782812293752
pnpA	CGCTCTTCCGGCTCAATCTA	-0.09039133051561005
pnpA	CGTTCTTGCGGCCCAATCTA	-0.15177858291206572
polC	AATGTGTCATATATTTGAAT	-0.11178729834191538
polC	ATGTTCGAAGTAGGTCATGA	-0.29125788953635673
ponA	TCGCTTTTCGTCGAGCTTCA	-0.1344366158085993
ponA	TTCTTGCCTTTTTTCGGTGA	-0.057092473591726006
ppaC	TTGACTTGTCCGAGGGGGAC	-0.17333596575658883
ppaC	TGGTATCTGTAGCTGGGTTT	-0.1753503431181981
ppnKA	CCGACTGAAATAACAATTTC	-0.11170028288387332
ppnKA	CCGACTGAAATAATGATTTC	-0.21251156730971976
prfA	TTCCGATCGTTGACTACTTC	-0.11291555953593849
prfA	TGATTTTAATCGGTCTAACA	-0.18942787307122774
prfB	CGCGGGCCGCCTTTGATTCG	-0.09946087708232429
prfB	TGCGGGCCTCCATTGATTCG	-0.15341666926082825
priA	TCATGCCCTTCAGATGATCT	-0.11488584915180618
priA	AGAAGGCCTGTCTATAATTT	-0.15764890188739297
proS	AAGCTGTTGACTTTTGGCTT	-0.11008767212012413
proS	CATCAGCTTCTTCTGAGAGC	-0.17236374705916002
prs	GACTTTCTTCGATATAAATT	-0.12556892504297013
prs	TACTTTCTTCGATATTACTT	-0.17589999038730994
prsA	TGCTGCAAGCAATGAGAGCG	-0.30921099315755946
prsA	TGCTGCAAGCACTGAGAGTG	-0.04506225164116067
pta	ATACGCTCGTCTAAACCTTC	-0.11625637333232892
pta	ATACGCTCGTCTATGCCTTC	-0.16785468128821954
pth	TTTCCCCGGGCTTCCGAGAC	-0.10321928823050591
pth	CATCCCCGAGTTTCCGAGAC	-0.17426794651317945
purB	AAGCTCCGCCCACGCCTCAC	-0.08819270305516459
purB	GCGCAAATCGCGGACATTTC	-0.09330390782826221
pyk	ACTTTCACCTGCCGGACCTA	-0.09381757471095682
pyk	ACTTTGACTTGCTGGACCGA	-0.1629328782970025
pyrG	GAATCGTCACGTTCATTCCG	-0.09951999309137391
pyrG	GAATCGTCACGTTCAGTCTG	-0.13937305512500336
pyrH	AATACGATACGTTTGTATAT	-0.11603795048349234
pyrH	CAATGGATTGAAAGACAGTC	-0.15125052036331468
qoxA	AACAGCGCTAATACAAGAAA	-0.08283276130406558
qoxA	ATCAGCGCTAATACAAGCAA	-0.14258596647680047
qoxC	CCCGAGAAGATTAAGTCTGC	-0.08391528070742776
qoxC	GTTTCAGATTGATATCCCAT	-0.14852232181257488
qoxD	GCAGGGTCATACCGATAGAC	-0.08282719835118109
qoxD	GCAGGCTCAAAACGATAGAC	-0.153752343868907
racE	TGGCGGTTTAACCGTTGCGA	-0.1395157787199843
racE	CCGGAATCAATGACTCCGAT	-0.33003536302395214
rbgA	ATCGATTAATTTTAATCTTT	-0.15038749994985728
rbgA	TTGCTTTTGCCATATGGACC	-0.17480613170939918
recF	GTTCAGCATGGTCGTAGTTA	-0.08434409452542435
recF	AAGATGTCAGGTCTAAGTTC	-0.16804472987581767
relA	CAATACTTGTACGTTCGCCA	-0.09021564399473618
relA	CAATACTTGTTCGGTCGCCA	-0.16813394599191517
resD	ATATTTTTGTTTCGTTCGTT	-0.07561927072306514
resD	GCTTAAAAGGCGGCGAATTC	-0.07447546353953965
rex	CAATAAGATCCTGCTGGCTT	-0.0905231530911184
rex	CAATAAGTTCTTGCTGGCTT	-0.1437108606924743
ribC	TAATGTCAGGCCTCTTTCTT	-0.17999976259311667
ribC	TAATGTCAGACCTTTTTCAT	-0.254137097941631
rimM	ACAAAGCGATGGTTTAATGT	-0.10089049818505699
rimM	TCCCGGCTTGTATCGTTCGT	-0.13832064408522346
ripX	ATCTCACTACCATAACGTAG	-0.08499321722633377
ripX	GGATTTCATCCACTACGTTA	-0.13108416961174094
rnc	AGCCTTTCATTACCTTCATA	-0.08357902830982568
rnc	AGCCTTTCAGTATCTTCATA	-0.17040682767354529
rnjA	CAATCGGTACAACTTCATCC	-0.08530998613901589
rnjA	GATTTCGCCCAAACCTGCGA	-0.17147734972470602
rnpA	ACACGCAGATCAGCATTTTC	-0.08913861437301343
rnpA	ACACGCAGTGCCTCATTTTC	-0.19467236649162015
rnz	TCTCGCCTTGGCGGGGGTGC	-0.11103678652240664
rnz	TCTCGCCTTGTTGGGGATGC	-0.16207250741162346
rodA	TAAAATCCCCCTGGTAACAG	-0.10478493101845437
rodA	TCAAATCCCCTTGGTAAAAG	-0.2737717189336882
rok	AAACCTTTTTGATTTCGGAA	-0.027316355762182904
rok	AATCCTTTTTGACTTCGGAA	-0.02652023159272865
rpe	TTTAATCTCATTGCCTAAAG	-0.13242381002611822
rpe	GAATCAGCGGAAAGAATCGA	-0.16946638311072787
rplB	GGAGCAACCAAGGATTTTGC	-0.10284863623419147
rplB	AAGTATAAACCGACCTCTAA	-0.10353935040857562
rplC	TATTCCGGTAACTGTTATCG	-0.17774077147156073
rplC	TTTTCTTCTTAAGATTCCTT	-0.2522800121554367
rplD	CACCAACAGTAGAACCGTTA	-0.10703994492833058
rplD	TGGTTGTATAATCCTACTTT	-0.14723755408105338
rplE	TTGAACTTAGTCATGAAAGC	-0.1816727702768264
rplE	TTGAACTTAGTCATTACAGC	-0.21663330804373204
rplF	AACAACACTGTAGCTGTGAA	-0.12193764687408527
rplF	TCGTACGTTTCACCCTGATA	-0.17699958206849656
rplJ	GTTGAACAAGCTGAGCTTAA	-0.09901382722992427
rplJ	TGTTTCAATGGCGCTGCTCA	-0.13024095585025122
rplL	AAGTACAGTTGCTTCTTTAC	-0.08239175575295
rplL	CTTTTTCGATTGCTTTTAGT	-0.044928698762569885
rplM	ATGGTACTTCCGTTAGCCAT	-0.08313648629438
rplM	ATAGTACTTGCGTTAGCCAA	-0.1703181766054099
rplNA	TTAAAAGTAGCTGACAACTC	-0.11236290624638282
rplNA	CCTTTTTTCACAACGCCTCC	-0.038701436294958834
rplO	TTTGTCCCCCCTCGAAACCA	-0.11469198926927407
rplO	TTGGTCCCCCCACGAATCCA	-0.20822077355281537
rplP	CTTCCGTACCGCCTTTCGCT	-0.15723941843893213
rplP	CTGCGATATTGAGCGCGTTT	-0.16069308751932918
rplQ	CTTCGTTTGCAGCCGCGTTG	-0.13004943656171636
rplQ	TGCTGCATACATCCGCAACG	-0.17247677045134893
rplR	GACTTGAACGTTGAAAGCAC	-0.12735917515452858
rplR	TGTTAGAACGGAAAACGTAC	-0.17272354312511318
rplS	CAAAGACCTGAATACGCTCA	-0.0978862598372216
rplS	GTGTCACCAGGACCGAACGC	-0.15208657646444526
rplT	ACACTTCTGCCTTTTACTCT	-0.3276565302810918
rplT	TTCGAGATTTCATGACCTGC	-0.03474175327604301
rplU	GTTTTTCGATGTACACAGTT	-0.14475100109506317
rplU	GTTTTTCGATGAAAACAGTT	-0.1783320456091353
rplV	CTGATTCGAGGCAAGCAAGT	-0.08596344390785587
rplV	CTACTTGCTCGCCTCCAATC	-0.14922619336438114
rplW	GGGCGCTGTAGAACATCAAG	-0.10325231952328642
rplW	CAGAACGTCCAGTAATGATG	-0.18978683607828545
rplX	CCTTGCTGCTTTCCCTAAAA	-0.1265247003425866
rplX	CCTTTTTAGGGAAAGCAGGA	-0.16880361327765664
rpmA	TTGTTCCGCGTTAACGGTAA	-0.09080527626897164
rpmA	GTGTTCCGCGTGGACGGTAA	-0.1478179804929668
rpmC	GTACAATTTCAGCGGTGGTA	-0.08265894551239444
rpmC	TTTTTGTTGAATTTCAGCAG	-0.15723741609295427
rpmD	CAGTAACGTGTAGGTCTTCC	-0.10591055567235731
rpmD	ACCGATTACTCTCCGTTTGA	-0.12063298653661929
rpmEA	ACTGTTGCGTGTTTGAAATT	-0.12089182305893548
rpmEA	ACTGTTGCTTTTTTGTAATT	-0.16640987396470652
rpoA	ATTTCAACCGTTACGATTTT	-0.09730920204639135
rpoA	TGAAAAACCAAAAATCGAAA	-0.14353192464234102
rpoB	TTCAAACCTCTTCTTATCAG	-0.12918273859398866
rpoB	GTTTGAATTTCAATGAGACT	-0.13445745303777806
rpoC	CTTCAGCAAAAGACCATGAC	-0.09363059271470625
rpoC	AAATTGTTCACAACTAGCAA	-0.17326442846757972
rpsB	GTTTTTTTGGTCCGACGAAA	-0.09110650770988986
rpsB	TTGGGTTCCAATGGCGCGTT	-0.15339454290369356
rpsC	GAATTTGTAAATCTTTGTGC	-0.08628960936101691
rpsC	GTATCGGAGTCATTCGTGAT	-0.15885275491555972
rpsD	CGCTAGGACAGATTCCTAGA	-0.08690712737929811
rpsD	CGCTAAGAGAGACCCCTAGA	-0.1546471602353818
rpsE	CTTCTAACGCTAATTTGCTG	-0.09589787891454007
rpsE	CTTCTAACTCTAATTTGCTA	-0.16510794189871014
rpsF	CGATTTGGGAGAAACCGTTG	-0.08341948479129051
rpsF	CGATTTGGTAGAAACCGTTG	-0.08497367037371634
rpsG	TTAGAGTTGTAAATCGTATC	-0.09481886995456225
rpsG	TTAGAGTTGTAAATCGGAAC	-0.22462681845543842
rpsH	CGAGTGAACATATCTGCAAT	-0.11847365948990557
rpsH	TCTCTTTTCAATTTATAAGC	-0.13647402958768687
rpsI	GCTCTACAGAGCTTTGACGA	-0.10201731719993704
rpsI	GCACTACAGAGCTCTTACGA	-0.182719026876879
rpsJ	CGGACTCGGACCAGATAAGC	-0.08384554770759464
rpsJ	TCTTCTCTGCATATTGATCA	-0.1455433487533057
rpsK	GTGAAAAAGAATATTGAGTC	-0.15829045958918928
rpsK	ACCCCTGAATCCAAAAGCTC	-0.16202021482585394
rpsL	CGAATTAGCTGATTAATTCT	-0.18689077293392387
rpsL	TTGTATCCTTTGTTAAGCGC	-0.1937552494745299
rpsM	ATTTCTTTAACATACATCTT	-0.16545177103410116
rpsM	TAACAACACGTTTGTCACGG	-0.18516268394234517
rpsNA	AATTTACGAATTACTGAATG	-0.08398327506367341
rpsNA	TACTCCTGTAGTTTAAACTT	-0.17830320476486172
rpsO	AGGATAGCGATCTGAACATC	-0.11101174967642849
rpsO	AAAGACCACCACTCACGTCG	-0.17772823267355786
rpsP	GCTACAACAATACGATAGCA	-0.13729364071063502
rpsP	TCGATGAAACGGCAGTCACG	-0.16270331102190974
rpsQ	GGCCCTGGTAAACTTTACGT	-0.1126081111367661
rpsQ	GACCTTGGTAAACTCTGCGT	-0.13550965601292175
rpsR	TTTGTTCCAGTTACACGAGG	-0.162408853922357
rpsR	CTTGTTCCAGTTACACGAAG	-0.20214500163160665
rpsS	ACTATTTTCCCACAGTTTAT	-0.1232287184305742
rpsS	TTGTCTGACCAATAAGCTGT	-0.19877617872993333
rsbRA	GAGCAGTTCATTTTGGTTTT	-0.01644395645674306
rsbRA	GAGCAATTCATTTTGATTTT	-0.012818608159258945
rsbW	CACTCATATTCAGGTTGGGC	-0.009494470534884022
rsbW	CCCAGATATTAAGGTTGGGC	-0.00934107119264845
rsiV	ACAATGTTATCCAATTCTTT	-0.019753606061781455
rsiV	ACAAAGAGATCCAATTCTTT	-0.018652734952231267
rsiW	ATACGTGTTCCTCTTTTGGA	-0.08775864133982392
rsiW	ATAAGCTGCACCATTTGTTC	-0.07995802212716839
sacV	AAAAATTATTGGATTTAAAC	-0.11152802896582115
sacV	ACAGATTTTCAAAAAATTCT	-0.16410599016219762
sacX	ATCGAAGAGGGGTCGTACAA	-0.012868215144320124
sacX	TACGAAGACCGGTCGTACAA	-0.009399210881495045
scpA	TGTTCAGTAATCTTCGCCAC	-0.08779055275106672
scpA	AATGAAGCAGCAGGGCCAAT	-0.1741337794642277
scpB	ATCGCCTGGCGCATAAATAA	-0.11847846794284729
scpB	GCCATGATCGTTTTCAGTTC	-0.18838294247532866
sdhA	TTTAATTGTCGCCATCAGGC	-0.025166355924063074
sdhA	TTTAATTGTCGCCATGGGGC	-0.01456032886904187
sdhB	ATCTCATATTCTTCATCATA	-0.013558110138211591
sdhB	ATCACAAATTCTTCCTCATA	-0.011733327907899209
sdhC	CAATAGCGCTGCTCATTTTA	-0.013551053622175117
sdhC	CAGCGCCCCTCGCGGCAAAC	-0.01288385013034713
secA	CTATTCCGCGTACTTTTTGT	-0.023797600092805966
secA	CTATGCAGCGTAGGTTTTGT	-0.01624809694040031
secE	AACTGGTGAAATTCCCGTAA	-0.2187951136132226
secE	AACTGTAGAAATTACCGTTA	-0.3025639185981675
secG	AATGCTGCGGATAACCAATA	-0.06387105472343653
secG	AATGCTGAGGATAACCAATA	-0.05722631701119287
secY	ATCACTGACACCCATAAAGT	-0.13453150949095036
secY	ATCACTCACACTGATAAAGT	-0.08199770545970538
serS	CCGACAGGTACACACTCATG	-0.14146704406863572
serS	AAAGCAAAGCTTGTACACAA	-0.14541849831514153
sigA	GAATGTTAATTCTGACTCGT	-0.08551665035405621
sigA	CTGGTAACTGCTCTTTTACT	-0.17871567634729205
smc	CTATAACGTCTAAACGTATG	-0.10478026695384274
smc	CACGCCTTTACCGAAGTTTA	-0.16152534500957944
smpB	AATACTTTTCCTTACCCTTT	-0.09798238725297145
smpB	AATACTTTTCCTGACACTTT	-0.16657013559013384
spoIIAA	TGACATTCATGTCAATTTCA	-0.09407976648444251
spoIIAA	GCTGCAGGGTCTCAGCCGTA	-0.021664430928063715
spoIIAB	GACTGAGGGCAGAAAACTCT	-0.014778076287928493
spoIIAB	TGCTTCATTTATAGCTCAGC	-0.014462424820206578
spsA	TTGTGAGAGTATTATAGAAA	-0.019185361609487177
spsA	GTCATAATGACAGATACTTT	-0.01647085930917126
spsB	CACCCAATAATTGCCTAAAT	-0.02253472647597177
spsB	CAAAAAGCTGCACGTTCTTC	-0.019166344758630913
spsC	TTTCAAACTGCTGAACACTC	-0.014060468005068752
spsC	TTTCAAACTGCTGAAGCTTC	-0.00929513171010717
spsD	CCAATGTAGGCTTTCTGCTT	-0.024262808810705746
spsD	CTAAGGTAAGCTTTCTGCTT	-0.023422038859161255
spsE	ATCCGCTCCCGCGTCCGCCG	-0.1929537103712457
spsE	AACCGCTCCCGCCTCCGCCG	-0.21387486402861425
spsF	AAAACGCGCTTTGTCGGACA	-0.03420818292261283
spsF	AGCGGCCGAAGCACTTTTAC	-0.024280958725549605
spsK	TGCCGCCAGCTGAAGCAAGC	-0.0191615166921582
spsK	GGCGGGAGGACAGCTTGGCT	-0.007818508216204513
ssbA	TTGGCGTATAAAGAAGCTCT	-0.136918019149011
ssbA	TTGGCGTATAGCGAAGCGCT	-0.07654100374171871
ssuC	GAAGCGGTGCGAAAAAAGCC	-0.028660699813141618
ssuC	ACCGCTTCGGCATTTGTTTT	-0.015115565777154323
sufB	TCCGCGCTCTGACCGGAAAA	-0.10967780343038332
sufB	TTCGCGCTCTGAACGGAAAA	-0.17290286539237462
sufC	ATTCTCCACCTTCTATTTCA	-0.12498254796309996
sufC	AATCTCCACCTTTTATTTCA	-0.15921891283092393
sufD	GGCAGGTTCTTGATGCTTTT	-0.08255151646795972
sufD	ATTGAGATACGCCTGATCTA	-0.16338412734272006
sufS	AAGGACAGCACGTGGCTTCT	-0.1178233937996076
sufS	AATGGCATCACGCGGCTTCT	-0.15252217774039967
sul	AGAAAGCGCTGTGCTTAGTG	-0.09163273206013536
sul	ATAAAGCGCTGAGCTTAGTG	-0.15849312738377913
sunI	ATACTAACTAGTTGATTAAT	-0.016653822918287653
sunI	GATAATATCGATTATAAAAT	-0.016595023623477066
tagA	GTTAAGTTACTGTTAACAGA	-0.3274381997519241
tagA	GTTACGTTACCGTTAACATA	-0.02980865956556471
tagB	TGTCACCCATTGCAGAAAAA	-0.12097611918253139
tagB	ACGAGGGTCACTTTGCTTTC	-0.1876853555389158
tagD	TGATTTCGAAAATTAATTTA	-0.15189608392765658
tagD	TAGTTCGTCCACATATGGAA	-0.2168578193223528
tagF	TTTATTTGTGTCAACTGCTA	-0.10422873558255814
tagF	TTTATTAGTGTCAACTGCTA	-0.15137527152599442
tagG	GCCGCCAATCTTCAAATTAA	-0.15492106890885277
tagG	ACTCATTTGATGTTTAGACT	-0.16267575742319446
tagH	AAAAAACCATTATCCTAAGC	-0.10162719251195368
tagH	AAAAAACCATTATCCTTAGG	-0.15731519504775984
tagO	GTACGTTTAGATTGCTGGGC	-0.08487702886325207
tagO	TCATAACCCCAATCGTAAAA	-0.3027739794948061
thiU	ATATAAAGAGAAGCGAACCC	-0.033830160454460696
thiU	CTGATAAAATCATCCTTCAT	-0.013742524858882249
tilS	AGCCATTGAGGCTGGACCGC	-0.10874348869200869
tilS	AGCCATTGAGTCCGAACCGC	-0.14820424665038007
tkt	TTCTTTTGACAGTGTGCGAA	-0.09439337195364716
tkt	CGGCTCTCATCGGCATCCCG	-0.3131360777346116
tmk	AGGGAAAACGACTGTTCTGC	-0.28266230134671005
tmk	GTCGTTTTCCCTGCACCTTT	-0.08138439343261433
tpiA	TTCCAGTTACCGACGATAAT	-0.09683245870505525
tpiA	TTCCAGTTACCGGCGATTAT	-0.17648315146171914
treA	GCCCCAGCTTTTTTCCACCA	-0.08277871755420342
treA	GTCGTATCGTTGAAGCTTTT	-0.09630285334088769
trmD	AGCACGCCTTCAAACAATTC	-0.0900314289562414
trmD	CTGCACCGCATCTTTTTTCT	-0.16020412764584493
trmU	ACGACGACTCTTGTATCCTA	-0.08385688755410531
trmU	CACAGATGAGTCTCCTCCGC	-0.17614220512950637
trpS	CGGAGCGTGACTGAGCCGCT	-0.0978567906703823
trpS	CTAAGCTCAAGCCGGTCGTG	-0.1887604709287292
trxA	ATTTTACAAGGTCCACACCA	-0.09686843500378013
trxA	CGCATTTACCGGCAGTTTCT	-0.16934979992926918
trxB	GTATTGGCCATTAGTCCGCC	-0.10998235291405986
trxB	CAGCGGCCGTCATCCTAGCA	-0.14624389806289642
tsf	CAGTTCCTTTTTCTCTTGAA	-0.0847580468744428
tsf	CAATTCCTTCTTCTCTTAAA	-0.16226502323143321
tuaB	ATGATTTGTTTTATAATACT	-0.019433756228203918
tuaB	TTGTATGATTGAAATACACA	-0.018797893922119665
tufA	CAGTTAAAGTTGTTATACCA	-0.0910831343649245
tufA	CAGTTAAATTTGTTTTACCA	-0.16054393049380628
tyrS	TTGCTGCTTCAATCCGCGGA	-0.09023539221285569
tyrS	TTGCTGAATCAATCCGTGGA	-0.16399402924498926
ugtP	CAAAATTCATACACTTTTAT	-0.07904078471353257
ugtP	CAAAATTAATACTCTTTTTT	-0.06798721755370354
uppS	ATGATAATAGTGATGTGTTC	-0.22551699054997798
uppS	ATGATAATGGCGATGTTTTC	-0.05968475706626305
valS	CTTTTAGCCAAACATCATAT	-0.08609869685956596
valS	CTTTTAGCCTAAAATCATAT	-0.16789637211526057
walK	ATACACACCAATGCTTTGCA	-0.08413098549626222
walK	ATACACACCAATGTTTTGCA	-0.23005095807227868
walR	GTTTTTCATCAGCTACTACA	-0.0888368132973372
walR	AATTCCAATAGATCTGCAAT	-0.1376483018753859
yaaK	TAACATCCAGGATTTCATTT	-0.08368166125798507
yaaK	TGAAGCATATCAGTATCTTC	-0.1807741452830228
yabP	ATTTTCACATCATGCTGGTC	-0.013218106734742477
yabP	CAGAAATTTCTGAATGCTTC	-0.012349540294003487
yabT	TGCCAAATCCACAATTCCAT	-0.022500435372323706
yabT	TACCAAATACACAATTCCAT	-0.016960975579966245
ydeB	TAAGAATTCCTTTTCTTCTA	-0.02491639107771397
ydeB	TAAGAATTCTTTTTCTTCTA	-0.021199078779992095
ydiB	TCTAATGTGAGGACATCTCC	-0.1361346275947062
ydiB	GGAAAAACGACTTTTACGAA	-0.18221339565259698
ydiC	ACAATTATAGAAAGGTCCAG	-0.11420232845504309
ydiC	CAGGCATCGATCTTACTGAG	-0.16085330475301848
ydiO	AAATCTTGCGTGCTATGGAC	-0.2016650890163507
ydiO	CTGATCTACGGATTATCATT	-0.21084141650620788
ydiP	TTGTATGTCCTGACTGAGGA	-0.21409686702098532
ydiP	AAGCTTTAGTCCGCCTATGC	-0.32498694425080277
ydzL	CATCTTCAATTGTTAAGGGA	-0.022403144136402608
ydzL	CTCGCATTTGTCTAGCTAAA	-0.018051335944387813
yezG	GTAATGAAAAGGAACCATTG	-0.022172428791310338
yezG	GAAATGAAAAAGAACGATTG	-0.015126339640385348
yfhI	ATATAATTAATTTTACAGAT	-0.06108670725678335
yfhI	ATATAATACATTTTTCAGAT	-0.03554135032811141
yfhS	ATGCCTTATTTGAACGAAGA	-0.09211460555562155
yfhS	TGATATGAGCGAATTGAACA	-0.1626772068804628
yflE	AAAACATTTATAAAAGAAAG	-0.17086728337246226
yflE	CATACGTTTTGATCCATAAC	-0.07781482054980222
yhbE	TAAAAACGGTGCCATTCATC	-0.019107833814720334
yhbE	TAAATCCAGTGCCATTCATC	-0.011169833383382888
yhdK	GGCCAAATCCAGCAACAGCA	-0.11765106035096627
yhdK	AGCCAAATTCAGCAACAGCA	-0.15408527855679502
yhdL	AAAATCGCTTTTTTTTTTCC	-0.033032721117993165
yhdL	GCCCAAATGCAGTCATTTCC	-0.024951323744040934
yjcG	AGGTTTTGGAGCTTTTTTGA	-0.08091698037932099
yjcG	AGTTCTTGGCGCTTTTTTGA	-0.04621390631138356
yjdB	TATAATTTACCTCTAAAAGT	-0.024086735844353953
yjdB	GATTTCTGCGTTAGCTCTGT	-0.013479919812661386
ykvA	GCGGAAAAGCGATTTTAAAG	-0.03748519566668337
ykvA	GTGTTTTAACCTGTGAACGC	-0.012237268820563002
ykvY	TTCTTTCGTGTGAATAAATG	-0.025932179514764238
ykvY	TTCTTTCGAATGAATAAATG	-0.021979131160806926
ykvZ	CGGATGATTGTTAATGACTC	-0.016490481350781006
ykvZ	TGGATAATTGTATATGACTC	-0.01602479829462209
ylaH	ACATGCTTGCCGCAGGCTGC	-0.03751218880659388
ylaH	ATAGAACGGCGAAGAACGAC	-0.037289645951928976
ylaN	TCTTCATATAGAGGAAATTG	-0.09144023720455999
ylaN	CAGAGATGATAGTTGACCAT	-0.15908841723059156
ylbQ	ATAGGCGCATAAAAGATCAA	-0.08481526894222341
ylbQ	ATAGGCGTATAAAAGACCAA	-0.16802269386086605
ylqG	TTATTTTTAATGTTTCCTGC	-0.028935275087664396
ylqG	TTACTTTTGATGTTTCCTGA	-0.023755476252847865
ylxL	ATGCAGCGAGCATCGTATAC	-0.04096449525295
ylxL	CTGCAGCGAGCATCGTATAC	-0.04085622228501535
ymdA	ACCGAGTAGAATCTGCAAAA	-0.08570293894323905
ymdA	ACCGAGTAGAAACAGCAAAA	-0.19262052549820205
yneF	TAATAGGCGGATTCCTTTTC	-0.09011623656652007
yneF	TAATAGGCGGATTCATTTTC	-0.19007039202327924
ynzI	ATGAAATACAAAGAAAAAGT	-0.10556971762987397
ynzI	ATGAAATACAATGAAAATAT	-0.12396965606701939
yorT	TGAGTCAACTATTCATCGCA	-0.009526397044493389
yorT	TGAGTCAAAAATTCATCACA	-0.006464642305420526
yozB	TAATCGGAACTGTCAGCGTA	-0.10262356576844042
yozB	AAATAAACCGAAAAATTACA	-0.14396721613929947
ypdP	TGCGAGCCATACCGCTTTTC	-0.14390356535046378
ypdP	GCAAAATGGGACTGTTTGTT	-0.01389292166997561
yqaD	AAAAAATGATAAGAAGACAG	-0.04853139672524089
yqaD	AAATAATGATAGGAAGAAAG	-0.03360423095203224
yqaE	TTTATGGGCCATATTTTGTT	-0.08593466658359203
yqaE	GCCTACACCGCCTATGAACT	-0.16271270758254155
yqaM	CTGTTTTTTTCCCAAGAAGC	-0.09922966827023808
yqaM	CTGTTTTGTGCCCAAAAAGC	-0.16110658006477388
yqcF	ACGTGATTCCTTCCTGAGGC	-0.08819577296160536
yqcF	ACGTCATACCTTCCTGAGTC	-0.14092484405745953
yqeG	ATATTTCTTACAAACTCGTC	-0.10529936180023533
yqeG	TTTTGTGCCTTTAATTTCTC	-0.18445482672124755
yqeH	AACCTGTTTTGTCCTCTGTT	-0.10076303108219666
yqeH	TCTTTCGTAACCGATGCAGG	-0.18220033883852274
yqhY	AACTTCCGATGCTGCAGTGC	-0.09606629217723557
yqhY	GCAATGACCTCAATGACCAC	-0.1521241903958108
yqzC	ATAATTGTTCACGTCTTGTT	-0.09075986625408537
yqzC	ATAGTTGTTCACGTCTTGTT	-0.07903595840802866
yqzD	GCTTTGATTTGGGAATGACA	-0.12995223629210267
yqzD	GCTTTGATTTGTGAATGACA	-0.07758686172153767
yrdR	AAAAAAGGTCAATTATTCAT	-0.08075960955947012
yrdR	AGTTGCTACTAAACATGTAA	-0.019699783576713013
ysxB	AAACACAACGGGTGTCACTG	-0.10556587576996676
ysxB	AAAAACAACGGCTGACACTC	-0.17024128554058368
ysxC	CTACCGGCCAATGCGAGTTC	-0.1618560188426179
ysxC	CGGAACAGTACCCTGAAGGG	-0.16463778414522118
ytcD	GTTTTTTTCCGTGTGTCAGG	-0.04030054210787416
ytcD	GTTTTTTTCCGTGCGGCAGG	-0.03096014767091867
yufL	ACAAACAAATATGGTGAGTA	-0.017540145422643608
yufL	ACAAACAAATAGGGTGAGTC	-0.011427755396989562
yumC	AAAGCGGTGAATAAGTCGAC	-0.09549952218964085
yumC	AAAGCGGTGAGTAAGTCGAC	-0.1215427100344322
yvmB	TCTTCGCTTTTTGTTCATTA	-0.018176187912815615
yvmB	TGTTCGCTTTTGGTTCATTA	-0.014605620967866571
yvrH	CAATGTGCAGGCTGCAAAAC	-0.09055833792855252
yvrH	CAATGTGCAGGCTTCTAAAC	-0.16255258115846474
yvzI	CTTGTTTAAAGCAATTTTCC	-0.03696834264739737
yvzI	ATTTTTTGAAGCAAGTTTCC	-0.03435956827502181
ywfI	ATCACTGGACGTAAGCTTCC	-0.08364428941188745
ywfI	AGGAAGACTAATCCATTGTG	-0.14737552592564881
ywfL	TGATCAATGACTCTCCATAT	-0.08390540912502002
ywfL	GCATCAGTAATTCAATCGGT	-0.1567662004273761
ywlC	CTCATTTTCTCGGAGGAAAG	-0.08983881900660662
ywlC	CTCATTTTTTCGGAGCAAAG	-0.17498563095560515
ywlF	GCCGCCATGATCCGATGCCA	-0.2379457898030521
ywlF	GCCACCGGAAAAGCCTAATC	-0.32535135104729496
yxaD	TCATATTCAATCAATTCAAC	-0.01802574654491105
yxaD	ACATATTCAATTAATTCAAG	-0.014620544447447795
yxlC	TTGACTCGGTATAGAGGGAT	-0.14644912862708181
yxlC	TTTATTGGGTATAGAGGGAT	-0.1591752877611694
yxlD	ATCCCCCTTTCCTTCCGATC	-0.03858224582978232
yxlD	GAATAACAAATCAGGGGCAT	-0.03230153783367298
yxxD	TAAAAATTCGCTAATTCACT	-0.08351263882068209
yxxD	TAAAAATTCACTAAATCACT	-0.16223901474119878
yxxG	TATACAATCATCCTTTATTT	-0.08970403390894024
yxxG	TCGAACTCTTGATACCGTCT	-0.1894874914255794
yyaN	CTGTTTTTTCGTTTTGGAGG	-0.048166706177660515
yyaN	CTGTTTTTTCGTTTTGGCGG	-0.03156773288335889
