variant	gamma	gene_name
AATACGCTTGTTTTTGTAAA	-0.035805119052939045	mreB
ACGAAATCGATTGTCGCTGT	0.01384676368018833	mreB
CAGATCCAAGATCTATACCA	-1.0084723115073375	mreB
CAGTACCAAGATCTATACCA	-0.9543510913126771	mreB
CAGTCCCAAGATCTCTACCA	0.00041356171341200054	mreB
CAGTTCCAAGAACTAAACCA	0.00989251792422994	mreB
CAGTTCCAAGAGCAATACCA	-0.001484762038276594	mreB
CAGTTCCAAGATCCATACCA	-1.008235456839539	mreB
CAGTTCCAAGATCTACACCA	-0.9888724803965157	mreB
CAGTTCCAAGATCTATACCA	-1.0721180549869278	mreB
CAGTTCCAAGATCTATACTA	-0.5896237415811281	mreB
CAGTTCCAAGATCTATGCCA	-0.9707058153126963	mreB
CAGTTCCAAGATCTATTCCA	-1.0240941227294376	mreB
CAGTTCCAAGATGTATACCA	-0.99015280515001	mreB
CAGTTCCAAGATTTATACCA	-0.9690395104518142	mreB
CAGTTCCAAGCTCTATACCA	-1.0552567264717718	mreB
CAGTTCCAATATCTATACCA	-1.0327656381792198	mreB
CAGTTCCAATATCTCTACCA	-0.0015315032427071584	mreB
CAGTTCCATGATCTATACCA	-0.9507789502165093	mreB
CAGTTCCATGTTCTATACCA	-1.064151078392649	mreB
CAGTTCCTAGATCTACACCA	-1.0763849203023463	mreB
CAGTTCCTAGATCTATACCA	-0.9281801709486951	mreB
CAGTTGCAAGAACTATACCA	-0.0017447071861850377	mreB
CCCTGCAAAGCGACAACTGA	-0.9303398126916844	mreB
CCGTTCCAAGGTCTATACCA	-1.0335332450899684	mreB
CTGTTCCAAGACCTATACCA	-0.9431455267295894	mreB
GAGTTCCAAGATCGATACCA	-0.983902531875085	mreB
GCCTGCAAAGCGACAACTGA	-0.8877617775643893	mreB
GCCTGCAAATCGACAACTGA	0.000795534078829403	mreB
GTATGCAAAGCGACAACTAA	0.001816149186164482	mreB
GTCAGTTGTCGCTTTGCAGA	0.005986975632921731	mreB
GTCTACAAAGTGACAACTGA	-0.05567391561448536	mreB
GTCTGAAAAGCGACAACTGA	-0.9667658320513709	mreB
GTCTGCAAAGAGACAACTGA	-0.9872574890878786	mreB
GTCTGCAAAGCCACAACTGA	-1.060801021245989	mreB
GTCTGCAAAGCGACAACTCA	0.0010947064705300468	mreB
GTCTGCAAAGCGACAACTGA	-1.0361303727908133	mreB
GTCTGCAAAGCGACAACTGC	0.004283095677741073	mreB
GTCTGCAAAGCGACAACTGG	-1.040023355723359	mreB
GTCTGCAAAGCGACGCCTGA	0.0036359039745883976	mreB
GTCTGCAAAGCGACTACTGA	-0.9652521967460057	mreB
GTCTGCAAAGCGATAACTGA	-0.7273272468408459	mreB
GTCTGCAAAGCGCCAACTGA	-1.1254394971047375	mreB
GTCTGCAAAGCGGCAACTGT	0.007111713973413058	mreB
GTCTGCAAGGCGACAACTGA	-0.9850311361564202	mreB
GTCTGCAATGCGACAACTGA	-0.9886673278696463	mreB
GTCTGCCAAGCGACTACTGA	-0.01780733432184468	mreB
GTCTGCCAGGCGACAACTGA	-1.0329204953093654	mreB
GTGTGCAAAACGACAACTGA	-0.002182874780706873	mreB
GTTTGCAAAGCGACAACTGA	-0.9530359210338435	mreB
GTTTGCAAAGCGACAGCTGA	-1.0230368136917818	mreB
ACTCAATTGAAGTTATTTGA	-0.7678330974502352	murE
AGTCTTTTTGTATGTGTAAA	0.004362666451551733	murE
CCTCAATTGCAGTTATTTCA	-0.919875632428631	murE
GACTCCAGGGAAGTAAAGAA	-0.6673083174478565	murE
TCACAATTGAAGTTATTTCC	-0.7524567170369563	murE
TCTCAATTGAAATTATTTCA	-0.7831416369820026	murE
TCTCAATTGAAGATATTTCA	-0.7499146614113195	murE
TCTCAATTGAAGTAATTTCA	-0.8198820561984057	murE
TCTCAATTGAAGTGAGTTCA	-0.009370872709919131	murE
TCTCAATTGAAGTGATTTCA	-0.9456183125837732	murE
TCTCAATTGAAGTTAGTTCA	-0.8807852771314104	murE
TCTCAATTGAAGTTATTTCT	-0.9968215964004671	murE
TCTCAATTGAAGTTTTTACA	-0.017341504396233113	murE
TCTCAATTGAAGTTTTTTCA	-0.7971067277544501	murE
TCTCAATTGAATTTATTTTA	-0.02708714494387888	murE
TCTCAATTGCAGTTATTTCA	-0.8624300541331418	murE
TCTCAATTTAAGTTTTTTCA	-0.007171874949416545	murE
TCTCTATTGAAGATATTTCA	-0.007829279285496303	murE
TCTGAATTGAAGTTATTTCG	-1.0077223588328206	murE
TGAAATAACTTCAATTGAGA	0.006805107067838308	murE
TGAGTAGTTTTCAGAAGGTT	-0.7113469127969947	murE
TGAGTCGCTTACAGAAGGAT	-0.9739587262967998	murE
TGAGTCGTTAACAGAAGGTT	-0.774921874108786	murE
TGAGTCGTTAATAGAAGGTT	-0.9157081427572996	murE
TGAGTCGTTTACAAAACGTT	0.0038539871651793443	murE
TGAGTCGTTTACAGAAAGTT	-0.8945404714582406	murE
TGAGTCGTTTACAGAACGTT	-1.0275094869491195	murE
TGAGTCGTTTACAGAAGGGT	-0.9981327487469667	murE
TGAGTCGTTTACAGAAGGTA	-1.0779618117988539	murE
TGAGTCGTTTACAGAAGGTT	-0.8190068398546534	murE
TGAGTCGTTTACAGAATGTT	-0.8732601917607451	murE
TGAGTTGTTTACAGATGGTT	-0.8400745096137339	murE
TGTGTCGTTTACAAAAGGTT	0.02080808014212166	murE
ATAATTTGTTTTGTAATACT	0.014983467658684897	tuaB
ATCATTTGTTTTGTAATACT	-0.007917395838309185	tuaB
ATGAATTGTTTTGTAAAACT	-0.002687726931927237	tuaB
ATGATATGTTTTGGAATACT	-0.005012090031572234	tuaB
ATGATATGTTTTGTAATGCT	-0.009234905728088494	tuaB
ATGATGACCTTAACAGAATT	-0.011803427999343695	tuaB
ATGATGTGTTTTGTAATAGT	0.003038898664492066	tuaB
ATGATTAGTTTTGTAATACT	0.018255094916985185	tuaB
ATGATTTCTTTTGTCATACT	0.0019219207358208742	tuaB
ATGATTTGATTTGTAATACT	0.010883559369740543	tuaB
ATGATTTGGTTTGTAATACT	-0.002665824876312165	tuaB
ATGATTTGTCTTGTAATCCT	0.008284434742429746	tuaB
ATGATTTGTTATGTAATACT	-0.011849428783937353	tuaB
ATGATTTGTTTTATAATACT	-0.019433756228203918	tuaB
ATGATTTGTTTTCTAATACT	-0.0006364452141262765	tuaB
ATGATTTGTTTTGCAATAGT	0.007274112613646985	tuaB
ATGATTTGTTTTGGAATACT	-0.0049445301640796135	tuaB
ATGATTTGTTTTGTAACACT	0.005732792528414669	tuaB
ATGATTTGTTTTGTAATACT	-0.0011346724502394809	tuaB
ATGATTTGTTTTGTAATAGT	0.005868926232896521	tuaB
ATGATTTGTTTTGTAATTCT	0.007707493868553036	tuaB
ATGATTTGTTTTGTCATACT	-0.0016938362277033275	tuaB
ATGGTTTGTTTTGTCATACT	-0.002520936496300382	tuaB
ATGTTTTGTTTTGTAATAAT	-0.0014599436385800478	tuaB
ATTACAAAACAAATCATGAG	0.0006803336359086138	tuaB
ATTGTTCAGTTTGCCCTGCT	-0.003160487047387726	tuaB
GTGATTTGTTTTGTTATACT	0.004252990288707357	tuaB
TGGTATGATTGTAATACACT	0.016200038454799445	tuaB
TTGGATGATTGTAATACACA	0.01352278813261919	tuaB
TTGTATGAATGTAATACACA	-0.013182511463959885	tuaB
TTGTATGAGTGTAATTCACA	-0.010343981030121012	tuaB
TTGTATGATAGTAATACATA	0.015152343858932616	tuaB
TTGTATGATAGTAATAGACA	0.001142745054866169	tuaB
TTGTATGATCGTAATACAAA	0.07937795175868854	tuaB
TTGTATGATGGTAAAACACA	0.0009353979750709363	tuaB
TTGTATGATTATAATACACA	0.02776976512941337	tuaB
TTGTATGATTATAATACAGA	0.003194814473887969	tuaB
TTGTATGATTGAAATACACA	-0.018797893922119665	tuaB
TTGTATGATTGTAATAAACA	0.024090807777136	tuaB
TTGTATGATTGTAATACACA	-0.0016322674682812464	tuaB
TTGTATGATTGTAATACATA	0.0045844671574019925	tuaB
TTGTATGATTGTAATACGCA	0.007541630752624471	tuaB
TTGTATGATTGTAATACTCA	0.0018178327844292398	tuaB
TTGTATGATTGTAATTCACA	0.011488367225211476	tuaB
TTGTATGATTGTCATACACA	-0.001240617327410566	tuaB
TTGTATGATTGTGATACACA	0.007605673878852913	tuaB
TTGTATGATTTTAATACACT	-0.014223790915439271	tuaB
TTGTATGGTTGTAATACACA	-0.0019100383848790162	tuaB
TTGTATTATTGGAATACACA	0.06505312824358549	tuaB
TTGTCTGATTGTAATACACA	0.009708458495703228	tuaB
TTTTATGATTGTAGTACACA	-0.007627678665758284	tuaB
